timestamp, power.draw [W], utilization.gpu [%]
2025/12/19 10:27:56.035, 14.12 W, 0 %
2025/12/19 10:27:57.038, 14.14 W, 2 %
2025/12/19 10:27:58.038, 14.05 W, 0 %
2025/12/19 10:27:59.039, 13.97 W, 0 %
2025/12/19 10:28:00.039, 14.00 W, 2 %
2025/12/19 10:28:01.039, 14.02 W, 1 %
2025/12/19 10:28:02.039, 14.19 W, 0 %
2025/12/19 10:28:03.040, 14.28 W, 1 %
2025/12/19 10:28:04.040, 13.56 W, 0 %
2025/12/19 10:28:05.040, 13.74 W, 0 %
2025/12/19 10:28:06.040, 14.07 W, 0 %
2025/12/19 10:28:07.040, 14.16 W, 0 %
2025/12/19 10:28:08.041, 14.16 W, 0 %
2025/12/19 10:28:09.041, 14.31 W, 0 %
2025/12/19 10:28:10.041, 14.28 W, 0 %
2025/12/19 10:28:11.041, 14.45 W, 0 %
2025/12/19 10:28:12.041, 14.40 W, 0 %
2025/12/19 10:28:13.042, 14.39 W, 0 %
2025/12/19 10:28:14.042, 208.46 W, 100 %
2025/12/19 10:28:15.042, 320.68 W, 100 %
2025/12/19 10:28:16.042, 321.70 W, 100 %
2025/12/19 10:28:17.042, 320.12 W, 100 %
2025/12/19 10:28:18.042, 321.61 W, 100 %
2025/12/19 10:28:19.042, 319.26 W, 100 %
2025/12/19 10:28:20.043, 319.22 W, 100 %
2025/12/19 10:28:21.043, 320.06 W, 100 %
2025/12/19 10:28:22.043, 318.89 W, 100 %
2025/12/19 10:28:23.043, 319.27 W, 100 %
2025/12/19 10:28:24.043, 319.92 W, 100 %
2025/12/19 10:28:25.043, 319.27 W, 100 %
2025/12/19 10:28:26.043, 319.47 W, 100 %
2025/12/19 10:28:27.044, 318.20 W, 100 %
2025/12/19 10:28:28.044, 318.88 W, 100 %
2025/12/19 10:28:29.044, 319.26 W, 100 %
2025/12/19 10:28:30.044, 318.08 W, 100 %
2025/12/19 10:28:31.044, 319.21 W, 100 %
2025/12/19 10:28:32.044, 318.98 W, 100 %
2025/12/19 10:28:33.044, 318.95 W, 100 %
2025/12/19 10:28:34.045, 317.99 W, 100 %
2025/12/19 10:28:35.045, 318.80 W, 100 %
2025/12/19 10:28:36.045, 318.88 W, 100 %
2025/12/19 10:28:37.045, 318.85 W, 100 %
2025/12/19 10:28:38.045, 319.40 W, 100 %
2025/12/19 10:28:39.045, 318.32 W, 100 %
2025/12/19 10:28:40.045, 318.70 W, 100 %
2025/12/19 10:28:41.046, 318.97 W, 100 %
2025/12/19 10:28:42.046, 319.44 W, 100 %
2025/12/19 10:28:43.046, 317.83 W, 100 %
2025/12/19 10:28:44.046, 318.43 W, 100 %
2025/12/19 10:28:45.046, 319.45 W, 100 %
2025/12/19 10:28:46.046, 319.62 W, 100 %
2025/12/19 10:28:47.046, 319.17 W, 100 %
2025/12/19 10:28:48.047, 318.36 W, 100 %
2025/12/19 10:28:49.047, 321.27 W, 100 %
2025/12/19 10:28:50.047, 319.73 W, 100 %
2025/12/19 10:28:51.047, 322.12 W, 100 %
2025/12/19 10:28:52.047, 320.12 W, 100 %
2025/12/19 10:28:53.047, 319.08 W, 100 %
2025/12/19 10:28:54.047, 318.34 W, 100 %
2025/12/19 10:28:55.048, 320.87 W, 100 %
2025/12/19 10:28:56.048, 318.97 W, 100 %
2025/12/19 10:28:57.048, 319.17 W, 100 %
2025/12/19 10:28:58.048, 320.29 W, 100 %
2025/12/19 10:28:59.048, 318.51 W, 100 %
2025/12/19 10:29:00.048, 318.03 W, 100 %
2025/12/19 10:29:01.048, 319.67 W, 100 %
2025/12/19 10:29:02.049, 318.36 W, 100 %
2025/12/19 10:29:03.049, 318.57 W, 100 %
2025/12/19 10:29:04.049, 319.93 W, 100 %
2025/12/19 10:29:05.049, 319.20 W, 100 %
2025/12/19 10:29:06.049, 319.13 W, 100 %
2025/12/19 10:29:07.049, 319.49 W, 100 %
2025/12/19 10:29:08.049, 319.18 W, 100 %
2025/12/19 10:29:09.050, 317.76 W, 100 %
2025/12/19 10:29:10.050, 321.07 W, 100 %
2025/12/19 10:29:11.050, 318.87 W, 100 %
2025/12/19 10:29:12.050, 318.71 W, 100 %
2025/12/19 10:29:13.050, 319.58 W, 100 %
2025/12/19 10:29:14.050, 318.75 W, 100 %
2025/12/19 10:29:15.050, 318.40 W, 100 %
2025/12/19 10:29:16.051, 319.28 W, 100 %
2025/12/19 10:29:17.051, 319.18 W, 100 %
2025/12/19 10:29:18.051, 318.51 W, 100 %
2025/12/19 10:29:19.051, 320.16 W, 100 %
2025/12/19 10:29:20.051, 319.39 W, 100 %
2025/12/19 10:29:21.051, 319.28 W, 100 %
2025/12/19 10:29:22.051, 318.78 W, 100 %
2025/12/19 10:29:23.052, 318.94 W, 100 %
2025/12/19 10:29:24.052, 319.00 W, 100 %
2025/12/19 10:29:25.052, 319.78 W, 100 %
2025/12/19 10:29:26.052, 318.02 W, 100 %
2025/12/19 10:29:27.052, 319.75 W, 100 %
2025/12/19 10:29:28.052, 319.98 W, 100 %
2025/12/19 10:29:29.052, 319.22 W, 100 %
2025/12/19 10:29:30.053, 317.96 W, 100 %
2025/12/19 10:29:31.053, 320.46 W, 100 %
2025/12/19 10:29:32.053, 319.07 W, 100 %
2025/12/19 10:29:33.053, 319.40 W, 100 %
2025/12/19 10:29:34.053, 319.80 W, 100 %
2025/12/19 10:29:35.053, 318.09 W, 100 %
2025/12/19 10:29:36.053, 318.28 W, 100 %
2025/12/19 10:29:37.054, 319.07 W, 100 %
2025/12/19 10:29:38.054, 319.26 W, 100 %
2025/12/19 10:29:39.054, 318.86 W, 100 %
2025/12/19 10:29:40.054, 320.06 W, 100 %
2025/12/19 10:29:41.054, 320.27 W, 100 %
2025/12/19 10:29:42.054, 318.78 W, 100 %
2025/12/19 10:29:43.055, 319.52 W, 100 %
2025/12/19 10:29:44.055, 317.69 W, 100 %
2025/12/19 10:29:45.055, 318.48 W, 100 %
2025/12/19 10:29:46.055, 321.21 W, 100 %
2025/12/19 10:29:47.055, 320.13 W, 100 %
2025/12/19 10:29:48.055, 318.47 W, 100 %
2025/12/19 10:29:49.055, 320.81 W, 100 %
2025/12/19 10:29:50.056, 319.29 W, 100 %
2025/12/19 10:29:51.056, 320.81 W, 100 %
2025/12/19 10:29:52.056, 322.36 W, 100 %
2025/12/19 10:29:53.056, 319.52 W, 100 %
2025/12/19 10:29:54.056, 317.57 W, 100 %
2025/12/19 10:29:55.056, 322.03 W, 100 %
2025/12/19 10:29:56.057, 319.04 W, 100 %
2025/12/19 10:29:57.057, 319.76 W, 100 %
2025/12/19 10:29:58.057, 321.63 W, 100 %
2025/12/19 10:29:59.057, 319.72 W, 100 %
2025/12/19 10:30:00.057, 319.34 W, 100 %
2025/12/19 10:30:01.057, 320.14 W, 100 %
2025/12/19 10:30:02.058, 318.83 W, 100 %
2025/12/19 10:30:03.058, 319.35 W, 100 %
2025/12/19 10:30:04.058, 319.12 W, 100 %
2025/12/19 10:30:05.058, 320.41 W, 100 %
2025/12/19 10:30:06.058, 318.71 W, 100 %
2025/12/19 10:30:07.058, 319.71 W, 100 %
2025/12/19 10:30:08.058, 319.52 W, 100 %
2025/12/19 10:30:09.059, 319.13 W, 100 %
2025/12/19 10:30:10.059, 319.28 W, 100 %
2025/12/19 10:30:11.059, 319.89 W, 100 %
2025/12/19 10:30:12.059, 319.15 W, 100 %
2025/12/19 10:30:13.059, 318.94 W, 100 %
2025/12/19 10:30:14.059, 320.00 W, 100 %
2025/12/19 10:30:15.059, 317.98 W, 100 %
2025/12/19 10:30:16.060, 319.77 W, 100 %
2025/12/19 10:30:17.060, 320.18 W, 100 %
2025/12/19 10:30:18.060, 317.89 W, 100 %
2025/12/19 10:30:19.060, 318.85 W, 100 %
2025/12/19 10:30:20.060, 319.78 W, 100 %
2025/12/19 10:30:21.060, 317.30 W, 100 %
2025/12/19 10:30:22.060, 319.36 W, 100 %
2025/12/19 10:30:23.061, 319.31 W, 100 %
2025/12/19 10:30:24.061, 316.39 W, 100 %
2025/12/19 10:30:25.061, 319.06 W, 100 %
2025/12/19 10:30:26.061, 319.29 W, 100 %
2025/12/19 10:30:27.061, 317.62 W, 100 %
2025/12/19 10:30:28.061, 317.55 W, 100 %
2025/12/19 10:30:29.061, 319.20 W, 100 %
2025/12/19 10:30:30.062, 319.17 W, 100 %
2025/12/19 10:30:31.062, 319.10 W, 100 %
2025/12/19 10:30:32.062, 319.26 W, 100 %
2025/12/19 10:30:33.062, 320.00 W, 100 %
2025/12/19 10:30:34.062, 319.26 W, 100 %
2025/12/19 10:30:35.062, 319.47 W, 100 %
2025/12/19 10:30:36.062, 320.26 W, 100 %
2025/12/19 10:30:37.063, 319.39 W, 100 %
2025/12/19 10:30:38.063, 318.73 W, 100 %
2025/12/19 10:30:39.063, 320.39 W, 100 %
2025/12/19 10:30:40.063, 319.71 W, 100 %
2025/12/19 10:30:41.063, 319.29 W, 100 %
2025/12/19 10:30:42.063, 320.20 W, 100 %
2025/12/19 10:30:43.064, 318.69 W, 100 %
2025/12/19 10:30:44.064, 318.35 W, 100 %
2025/12/19 10:30:45.064, 320.19 W, 100 %
2025/12/19 10:30:46.064, 319.02 W, 100 %
2025/12/19 10:30:47.064, 319.35 W, 100 %
2025/12/19 10:30:48.064, 319.45 W, 100 %
2025/12/19 10:30:49.065, 318.56 W, 100 %
2025/12/19 10:30:50.065, 318.89 W, 100 %
2025/12/19 10:30:51.065, 320.87 W, 100 %
2025/12/19 10:30:52.065, 318.83 W, 100 %
2025/12/19 10:30:53.065, 318.68 W, 100 %
2025/12/19 10:30:54.065, 320.11 W, 100 %
2025/12/19 10:30:55.066, 319.44 W, 100 %
2025/12/19 10:30:56.066, 319.31 W, 100 %
2025/12/19 10:30:57.066, 320.86 W, 100 %
2025/12/19 10:30:58.066, 319.69 W, 100 %
2025/12/19 10:30:59.066, 318.51 W, 100 %
2025/12/19 10:31:00.066, 318.83 W, 100 %
2025/12/19 10:31:01.066, 319.70 W, 100 %
2025/12/19 10:31:02.067, 319.26 W, 100 %
2025/12/19 10:31:03.067, 319.51 W, 100 %
2025/12/19 10:31:04.067, 319.86 W, 100 %
2025/12/19 10:31:05.067, 318.78 W, 100 %
2025/12/19 10:31:06.067, 319.53 W, 100 %
2025/12/19 10:31:07.067, 319.01 W, 100 %
2025/12/19 10:31:08.068, 318.92 W, 100 %
2025/12/19 10:31:09.068, 320.27 W, 100 %
2025/12/19 10:31:10.068, 319.44 W, 100 %
2025/12/19 10:31:11.068, 319.00 W, 100 %
2025/12/19 10:31:12.068, 321.07 W, 100 %
2025/12/19 10:31:13.068, 319.07 W, 100 %
2025/12/19 10:31:14.069, 319.18 W, 100 %
2025/12/19 10:31:15.069, 321.37 W, 100 %
2025/12/19 10:31:16.069, 319.16 W, 100 %
2025/12/19 10:31:17.069, 318.67 W, 100 %
2025/12/19 10:31:18.069, 322.25 W, 100 %
2025/12/19 10:31:19.069, 320.04 W, 100 %
2025/12/19 10:31:20.070, 318.70 W, 100 %
2025/12/19 10:31:21.070, 319.58 W, 100 %
2025/12/19 10:31:22.070, 318.32 W, 100 %
2025/12/19 10:31:23.070, 319.32 W, 100 %
2025/12/19 10:31:24.070, 319.08 W, 100 %
2025/12/19 10:31:25.070, 319.60 W, 100 %
2025/12/19 10:31:26.071, 318.90 W, 100 %
2025/12/19 10:31:27.071, 318.32 W, 100 %
2025/12/19 10:31:28.071, 318.11 W, 100 %
2025/12/19 10:31:29.071, 318.92 W, 100 %
2025/12/19 10:31:30.071, 319.50 W, 100 %
2025/12/19 10:31:31.071, 319.47 W, 100 %
2025/12/19 10:31:32.072, 317.36 W, 100 %
2025/12/19 10:31:33.072, 317.79 W, 100 %
2025/12/19 10:31:34.072, 319.24 W, 100 %
2025/12/19 10:31:35.072, 317.69 W, 100 %
2025/12/19 10:31:36.072, 319.36 W, 100 %
2025/12/19 10:31:37.072, 318.71 W, 100 %
2025/12/19 10:31:38.072, 316.27 W, 100 %
2025/12/19 10:31:39.072, 318.38 W, 100 %
2025/12/19 10:31:40.073, 317.73 W, 100 %
2025/12/19 10:31:41.073, 318.71 W, 100 %
2025/12/19 10:31:42.073, 319.37 W, 100 %
2025/12/19 10:31:43.073, 318.42 W, 100 %
2025/12/19 10:31:44.073, 319.98 W, 100 %
2025/12/19 10:31:45.073, 319.11 W, 100 %
2025/12/19 10:31:46.074, 317.44 W, 100 %
2025/12/19 10:31:47.074, 320.36 W, 100 %
2025/12/19 10:31:48.074, 318.95 W, 100 %
2025/12/19 10:31:49.074, 319.23 W, 100 %
2025/12/19 10:31:50.074, 320.59 W, 100 %
2025/12/19 10:31:51.074, 319.62 W, 100 %
2025/12/19 10:31:52.075, 319.23 W, 100 %
2025/12/19 10:31:53.075, 320.09 W, 100 %
2025/12/19 10:31:54.075, 318.10 W, 100 %
2025/12/19 10:31:55.075, 319.04 W, 100 %
2025/12/19 10:31:56.075, 320.70 W, 100 %
2025/12/19 10:31:57.075, 319.01 W, 100 %
2025/12/19 10:31:58.075, 319.85 W, 100 %
2025/12/19 10:31:59.076, 321.09 W, 100 %
2025/12/19 10:32:00.076, 319.32 W, 100 %
2025/12/19 10:32:01.076, 318.96 W, 100 %
2025/12/19 10:32:02.076, 320.96 W, 100 %
2025/12/19 10:32:03.076, 319.48 W, 100 %
2025/12/19 10:32:04.076, 318.95 W, 100 %
2025/12/19 10:32:05.077, 318.36 W, 100 %
2025/12/19 10:32:06.077, 319.66 W, 100 %
2025/12/19 10:32:07.077, 319.21 W, 100 %
2025/12/19 10:32:08.077, 318.91 W, 100 %
2025/12/19 10:32:09.077, 319.66 W, 100 %
2025/12/19 10:32:10.077, 319.41 W, 100 %
2025/12/19 10:32:11.078, 318.74 W, 100 %
2025/12/19 10:32:12.078, 319.78 W, 100 %
2025/12/19 10:32:13.078, 317.92 W, 100 %
2025/12/19 10:32:14.078, 319.23 W, 100 %
2025/12/19 10:32:15.078, 319.81 W, 100 %
2025/12/19 10:32:16.078, 318.48 W, 100 %
2025/12/19 10:32:17.079, 319.26 W, 100 %
2025/12/19 10:32:18.079, 319.77 W, 100 %
2025/12/19 10:32:19.079, 318.31 W, 100 %
2025/12/19 10:32:20.079, 319.11 W, 100 %
2025/12/19 10:32:21.079, 319.07 W, 100 %
2025/12/19 10:32:22.079, 318.42 W, 100 %
2025/12/19 10:32:23.079, 319.01 W, 100 %
2025/12/19 10:32:24.080, 319.62 W, 100 %
2025/12/19 10:32:25.080, 318.90 W, 100 %
2025/12/19 10:32:26.080, 318.64 W, 100 %
2025/12/19 10:32:27.080, 319.29 W, 100 %
2025/12/19 10:32:28.080, 319.92 W, 100 %
2025/12/19 10:32:29.080, 318.88 W, 100 %
2025/12/19 10:32:30.081, 319.15 W, 100 %
2025/12/19 10:32:31.081, 319.68 W, 100 %
2025/12/19 10:32:32.081, 318.89 W, 100 %
2025/12/19 10:32:33.081, 317.72 W, 100 %
2025/12/19 10:32:34.081, 319.81 W, 100 %
2025/12/19 10:32:35.081, 319.09 W, 100 %
2025/12/19 10:32:36.082, 319.21 W, 100 %
2025/12/19 10:32:37.082, 320.04 W, 100 %
2025/12/19 10:32:38.082, 318.82 W, 100 %
2025/12/19 10:32:39.082, 318.85 W, 100 %
2025/12/19 10:32:40.082, 319.71 W, 100 %
2025/12/19 10:32:41.082, 318.94 W, 100 %
2025/12/19 10:32:42.082, 318.84 W, 100 %
2025/12/19 10:32:43.083, 320.48 W, 100 %
2025/12/19 10:32:44.083, 319.67 W, 100 %
2025/12/19 10:32:45.083, 318.96 W, 100 %
2025/12/19 10:32:46.083, 321.46 W, 100 %
2025/12/19 10:32:47.083, 318.80 W, 100 %
2025/12/19 10:32:48.083, 318.76 W, 100 %
2025/12/19 10:32:49.084, 320.03 W, 100 %
2025/12/19 10:32:50.084, 319.04 W, 100 %
2025/12/19 10:32:51.084, 318.69 W, 100 %
2025/12/19 10:32:52.084, 318.66 W, 100 %
2025/12/19 10:32:53.084, 319.70 W, 100 %
2025/12/19 10:32:54.084, 318.61 W, 100 %
2025/12/19 10:32:55.085, 318.37 W, 100 %
2025/12/19 10:32:56.085, 319.61 W, 100 %
2025/12/19 10:32:57.085, 318.83 W, 100 %
2025/12/19 10:32:58.085, 318.99 W, 100 %
2025/12/19 10:32:59.085, 318.77 W, 100 %
2025/12/19 10:33:00.085, 319.48 W, 100 %
2025/12/19 10:33:01.086, 319.36 W, 100 %
2025/12/19 10:33:02.086, 318.63 W, 100 %
2025/12/19 10:33:03.086, 318.02 W, 100 %
2025/12/19 10:33:04.086, 319.17 W, 100 %
2025/12/19 10:33:05.086, 319.64 W, 100 %
2025/12/19 10:33:06.086, 317.91 W, 100 %
2025/12/19 10:33:07.086, 318.59 W, 100 %
2025/12/19 10:33:08.087, 319.82 W, 100 %
2025/12/19 10:33:09.087, 320.12 W, 100 %
2025/12/19 10:33:10.087, 318.12 W, 100 %
2025/12/19 10:33:11.087, 319.17 W, 100 %
2025/12/19 10:33:12.087, 319.22 W, 100 %
2025/12/19 10:33:13.087, 319.37 W, 100 %
2025/12/19 10:33:14.088, 318.88 W, 100 %
2025/12/19 10:33:15.088, 318.98 W, 100 %
2025/12/19 10:33:16.088, 318.79 W, 100 %
2025/12/19 10:33:17.088, 318.73 W, 100 %
2025/12/19 10:33:18.088, 319.99 W, 100 %
2025/12/19 10:33:19.088, 319.52 W, 100 %
2025/12/19 10:33:20.088, 319.47 W, 100 %
2025/12/19 10:33:21.089, 320.76 W, 100 %
2025/12/19 10:33:22.089, 319.16 W, 100 %
2025/12/19 10:33:23.089, 318.68 W, 100 %
2025/12/19 10:33:24.089, 321.56 W, 100 %
2025/12/19 10:33:25.089, 319.78 W, 100 %
2025/12/19 10:33:26.089, 317.58 W, 100 %
2025/12/19 10:33:27.090, 321.04 W, 100 %
2025/12/19 10:33:28.090, 319.51 W, 100 %
2025/12/19 10:33:29.090, 318.94 W, 100 %
2025/12/19 10:33:30.090, 319.25 W, 100 %
2025/12/19 10:33:31.090, 319.65 W, 100 %
2025/12/19 10:33:32.090, 319.69 W, 100 %
2025/12/19 10:33:33.091, 319.17 W, 100 %
2025/12/19 10:33:34.091, 318.86 W, 100 %
2025/12/19 10:33:35.091, 320.10 W, 100 %
2025/12/19 10:33:36.091, 319.48 W, 100 %
2025/12/19 10:33:37.091, 319.78 W, 100 %
2025/12/19 10:33:38.091, 318.64 W, 100 %
2025/12/19 10:33:39.092, 318.09 W, 100 %
2025/12/19 10:33:40.092, 319.51 W, 100 %
2025/12/19 10:33:41.092, 318.68 W, 100 %
2025/12/19 10:33:42.092, 319.49 W, 100 %
2025/12/19 10:33:43.092, 319.40 W, 100 %
2025/12/19 10:33:44.092, 317.10 W, 100 %
2025/12/19 10:33:45.093, 318.22 W, 100 %
2025/12/19 10:33:46.093, 318.86 W, 100 %
2025/12/19 10:33:47.093, 317.79 W, 100 %
2025/12/19 10:33:48.093, 319.08 W, 100 %
2025/12/19 10:33:49.093, 319.36 W, 100 %
2025/12/19 10:33:50.093, 319.28 W, 100 %
2025/12/19 10:33:51.094, 318.81 W, 100 %
2025/12/19 10:33:52.094, 317.40 W, 100 %
2025/12/19 10:33:53.094, 320.31 W, 100 %
2025/12/19 10:33:54.094, 319.16 W, 100 %
2025/12/19 10:33:55.094, 319.06 W, 100 %
2025/12/19 10:33:56.094, 320.36 W, 100 %
2025/12/19 10:33:57.095, 319.24 W, 100 %
2025/12/19 10:33:58.095, 318.97 W, 100 %
2025/12/19 10:33:59.095, 319.49 W, 100 %
2025/12/19 10:34:00.095, 318.41 W, 100 %
2025/12/19 10:34:01.095, 319.51 W, 100 %
2025/12/19 10:34:02.095, 320.52 W, 100 %
2025/12/19 10:34:03.095, 318.50 W, 100 %
2025/12/19 10:34:04.096, 318.60 W, 100 %
2025/12/19 10:34:05.096, 321.24 W, 100 %
2025/12/19 10:34:06.096, 318.25 W, 100 %
2025/12/19 10:34:07.096, 319.36 W, 100 %
2025/12/19 10:34:08.096, 322.58 W, 100 %
2025/12/19 10:34:09.096, 319.46 W, 100 %
2025/12/19 10:34:10.097, 319.90 W, 100 %
2025/12/19 10:34:11.097, 319.65 W, 100 %
2025/12/19 10:34:12.097, 319.23 W, 100 %
2025/12/19 10:34:13.097, 318.98 W, 100 %
2025/12/19 10:34:14.097, 319.21 W, 100 %
2025/12/19 10:34:15.097, 319.49 W, 100 %
2025/12/19 10:34:16.097, 318.61 W, 100 %
2025/12/19 10:34:17.098, 317.09 W, 100 %
2025/12/19 10:34:18.098, 319.52 W, 100 %
2025/12/19 10:34:19.098, 318.23 W, 100 %
2025/12/19 10:34:20.098, 319.02 W, 100 %
2025/12/19 10:34:21.098, 319.70 W, 100 %
2025/12/19 10:34:22.098, 318.35 W, 100 %
2025/12/19 10:34:23.099, 319.56 W, 100 %
2025/12/19 10:34:24.099, 320.32 W, 100 %
2025/12/19 10:34:25.099, 318.00 W, 100 %
2025/12/19 10:34:26.099, 319.07 W, 100 %
2025/12/19 10:34:27.099, 319.12 W, 100 %
2025/12/19 10:34:28.099, 318.66 W, 100 %
2025/12/19 10:34:29.100, 319.49 W, 100 %
2025/12/19 10:34:30.100, 319.05 W, 100 %
2025/12/19 10:34:31.100, 319.09 W, 100 %
2025/12/19 10:34:32.100, 319.49 W, 100 %
2025/12/19 10:34:33.100, 317.92 W, 100 %
2025/12/19 10:34:34.100, 319.52 W, 100 %
2025/12/19 10:34:35.100, 318.72 W, 100 %
2025/12/19 10:34:36.101, 318.97 W, 100 %
2025/12/19 10:34:37.101, 319.78 W, 100 %
2025/12/19 10:34:38.101, 319.24 W, 100 %
2025/12/19 10:34:39.101, 318.85 W, 100 %
2025/12/19 10:34:40.101, 319.86 W, 100 %
2025/12/19 10:34:41.102, 317.85 W, 100 %
2025/12/19 10:34:42.102, 318.70 W, 100 %
2025/12/19 10:34:43.102, 319.95 W, 100 %
2025/12/19 10:34:44.102, 318.87 W, 100 %
2025/12/19 10:34:45.102, 319.45 W, 100 %
2025/12/19 10:34:46.102, 319.28 W, 100 %
2025/12/19 10:34:47.102, 319.07 W, 100 %
2025/12/19 10:34:48.103, 318.48 W, 100 %
2025/12/19 10:34:49.103, 320.92 W, 100 %
2025/12/19 10:34:50.103, 319.12 W, 100 %
2025/12/19 10:34:51.103, 319.09 W, 100 %
2025/12/19 10:34:52.103, 320.42 W, 100 %
2025/12/19 10:34:53.103, 318.81 W, 100 %
2025/12/19 10:34:54.104, 318.58 W, 100 %
2025/12/19 10:34:55.104, 320.75 W, 100 %
2025/12/19 10:34:56.104, 319.63 W, 100 %
2025/12/19 10:34:57.104, 319.31 W, 100 %
2025/12/19 10:34:58.104, 319.61 W, 100 %
2025/12/19 10:34:59.104, 318.33 W, 100 %
2025/12/19 10:35:00.105, 318.90 W, 100 %
2025/12/19 10:35:01.105, 318.47 W, 100 %
2025/12/19 10:35:02.105, 319.70 W, 100 %
2025/12/19 10:35:03.105, 319.51 W, 100 %
2025/12/19 10:35:04.105, 319.21 W, 100 %
2025/12/19 10:35:05.105, 318.07 W, 100 %
2025/12/19 10:35:06.105, 319.33 W, 100 %
2025/12/19 10:35:07.106, 318.83 W, 100 %
2025/12/19 10:35:08.106, 319.89 W, 100 %
2025/12/19 10:35:09.106, 316.53 W, 100 %
2025/12/19 10:35:10.106, 318.18 W, 100 %
2025/12/19 10:35:11.106, 319.68 W, 100 %
2025/12/19 10:35:12.106, 317.04 W, 100 %
2025/12/19 10:35:13.107, 317.52 W, 100 %
2025/12/19 10:35:14.107, 319.01 W, 100 %
2025/12/19 10:35:15.107, 317.46 W, 100 %
2025/12/19 10:35:16.107, 319.10 W, 100 %
2025/12/19 10:35:17.107, 319.29 W, 100 %
2025/12/19 10:35:18.107, 317.52 W, 100 %
2025/12/19 10:35:19.108, 318.16 W, 100 %
2025/12/19 10:35:20.108, 319.44 W, 100 %
2025/12/19 10:35:21.108, 318.64 W, 100 %
2025/12/19 10:35:22.108, 318.35 W, 100 %
2025/12/19 10:35:23.108, 318.43 W, 100 %
2025/12/19 10:35:24.108, 319.70 W, 100 %
2025/12/19 10:35:25.108, 319.49 W, 100 %
2025/12/19 10:35:26.109, 318.73 W, 100 %
2025/12/19 10:35:27.109, 319.60 W, 100 %
2025/12/19 10:35:28.109, 319.08 W, 100 %
2025/12/19 10:35:29.109, 317.21 W, 100 %
2025/12/19 10:35:30.109, 318.88 W, 100 %
2025/12/19 10:35:31.109, 319.52 W, 100 %
2025/12/19 10:35:32.110, 318.16 W, 100 %
2025/12/19 10:35:33.110, 318.58 W, 100 %
2025/12/19 10:35:34.110, 319.58 W, 100 %
2025/12/19 10:35:35.110, 318.89 W, 100 %
2025/12/19 10:35:36.110, 319.08 W, 100 %
2025/12/19 10:35:37.110, 320.01 W, 100 %
2025/12/19 10:35:38.110, 316.75 W, 100 %
2025/12/19 10:35:39.110, 319.51 W, 100 %
2025/12/19 10:35:40.110, 319.75 W, 100 %
2025/12/19 10:35:41.110, 317.17 W, 100 %
2025/12/19 10:35:42.111, 318.90 W, 100 %
2025/12/19 10:35:43.111, 318.95 W, 100 %
2025/12/19 10:35:44.111, 318.43 W, 100 %
2025/12/19 10:35:45.111, 319.31 W, 100 %
2025/12/19 10:35:46.111, 318.57 W, 100 %
2025/12/19 10:35:47.111, 319.42 W, 100 %
2025/12/19 10:35:48.111, 319.08 W, 100 %
2025/12/19 10:35:49.111, 319.09 W, 100 %
2025/12/19 10:35:50.111, 318.58 W, 100 %
2025/12/19 10:35:51.112, 317.99 W, 100 %
2025/12/19 10:35:52.112, 318.08 W, 100 %
2025/12/19 10:35:53.112, 319.24 W, 100 %
2025/12/19 10:35:54.112, 318.83 W, 100 %
2025/12/19 10:35:55.112, 319.36 W, 100 %
2025/12/19 10:35:56.112, 316.40 W, 100 %
2025/12/19 10:35:57.112, 318.72 W, 100 %
2025/12/19 10:35:58.112, 318.83 W, 100 %
2025/12/19 10:35:59.112, 319.40 W, 100 %
2025/12/19 10:36:00.112, 319.01 W, 100 %
2025/12/19 10:36:01.112, 319.31 W, 100 %
2025/12/19 10:36:02.112, 317.24 W, 100 %
2025/12/19 10:36:03.113, 317.87 W, 100 %
2025/12/19 10:36:04.113, 318.71 W, 100 %
2025/12/19 10:36:05.114, 317.54 W, 100 %
2025/12/19 10:36:06.114, 318.73 W, 100 %
2025/12/19 10:36:07.114, 319.14 W, 100 %
2025/12/19 10:36:08.114, 319.19 W, 100 %
2025/12/19 10:36:09.114, 319.05 W, 100 %
2025/12/19 10:36:10.114, 317.43 W, 100 %
2025/12/19 10:36:11.114, 320.70 W, 100 %
2025/12/19 10:36:12.114, 319.03 W, 100 %
2025/12/19 10:36:13.114, 318.80 W, 100 %
2025/12/19 10:36:14.115, 320.45 W, 100 %
2025/12/19 10:36:15.115, 319.18 W, 100 %
2025/12/19 10:36:16.115, 317.19 W, 100 %
2025/12/19 10:36:17.115, 320.48 W, 100 %
2025/12/19 10:36:18.115, 319.12 W, 100 %
2025/12/19 10:36:19.115, 319.51 W, 100 %
2025/12/19 10:36:20.115, 320.18 W, 100 %
2025/12/19 10:36:21.115, 319.04 W, 100 %
2025/12/19 10:36:22.115, 318.79 W, 100 %
2025/12/19 10:36:23.116, 320.79 W, 100 %
2025/12/19 10:36:24.116, 318.57 W, 100 %
2025/12/19 10:36:25.116, 319.48 W, 100 %
2025/12/19 10:36:26.116, 321.84 W, 100 %
2025/12/19 10:36:27.116, 318.42 W, 100 %
2025/12/19 10:36:28.116, 318.92 W, 100 %
2025/12/19 10:36:29.116, 321.15 W, 100 %
2025/12/19 10:36:30.116, 319.17 W, 100 %
2025/12/19 10:36:31.116, 319.27 W, 100 %
2025/12/19 10:36:32.116, 319.65 W, 100 %
2025/12/19 10:36:33.117, 319.26 W, 100 %
2025/12/19 10:36:34.117, 319.27 W, 100 %
2025/12/19 10:36:35.117, 318.24 W, 100 %
2025/12/19 10:36:36.117, 320.41 W, 100 %
2025/12/19 10:36:37.117, 319.54 W, 100 %
2025/12/19 10:36:38.117, 318.92 W, 100 %
2025/12/19 10:36:39.117, 319.82 W, 100 %
2025/12/19 10:36:40.117, 318.91 W, 100 %
2025/12/19 10:36:41.117, 319.27 W, 100 %
2025/12/19 10:36:42.117, 319.93 W, 100 %
2025/12/19 10:36:43.117, 317.83 W, 100 %
2025/12/19 10:36:44.117, 319.53 W, 100 %
2025/12/19 10:36:45.117, 319.63 W, 100 %
2025/12/19 10:36:46.117, 317.76 W, 100 %
2025/12/19 10:36:47.118, 319.23 W, 100 %
2025/12/19 10:36:48.118, 319.14 W, 100 %
2025/12/19 10:36:49.118, 318.13 W, 100 %
2025/12/19 10:36:50.118, 319.03 W, 100 %
2025/12/19 10:36:51.118, 319.57 W, 100 %
2025/12/19 10:36:52.118, 318.66 W, 100 %
2025/12/19 10:36:53.118, 318.91 W, 100 %
2025/12/19 10:36:54.118, 318.67 W, 100 %
2025/12/19 10:36:55.118, 319.02 W, 100 %
2025/12/19 10:36:56.118, 319.03 W, 100 %
2025/12/19 10:36:57.118, 318.92 W, 100 %
2025/12/19 10:36:58.119, 319.82 W, 100 %
2025/12/19 10:36:59.119, 319.17 W, 100 %
2025/12/19 10:37:00.119, 318.60 W, 100 %
2025/12/19 10:37:01.119, 320.06 W, 100 %
2025/12/19 10:37:02.119, 319.14 W, 100 %
2025/12/19 10:37:03.119, 317.18 W, 100 %
2025/12/19 10:37:04.119, 319.24 W, 100 %
2025/12/19 10:37:05.119, 319.22 W, 100 %
2025/12/19 10:37:06.119, 318.98 W, 100 %
2025/12/19 10:37:07.119, 320.60 W, 100 %
2025/12/19 10:37:08.119, 319.42 W, 100 %
2025/12/19 10:37:09.120, 318.66 W, 100 %
2025/12/19 10:37:10.120, 321.48 W, 100 %
2025/12/19 10:37:11.120, 318.14 W, 100 %
2025/12/19 10:37:12.120, 319.16 W, 100 %
2025/12/19 10:37:13.120, 320.63 W, 100 %
2025/12/19 10:37:14.120, 319.20 W, 100 %
2025/12/19 10:37:15.120, 316.48 W, 100 %
2025/12/19 10:37:16.120, 317.88 W, 100 %
2025/12/19 10:37:17.120, 319.27 W, 100 %
2025/12/19 10:37:18.120, 318.46 W, 100 %
2025/12/19 10:37:19.121, 318.15 W, 100 %
2025/12/19 10:37:20.121, 319.00 W, 100 %
2025/12/19 10:37:21.121, 318.16 W, 100 %
2025/12/19 10:37:22.121, 318.78 W, 100 %
2025/12/19 10:37:23.121, 318.76 W, 100 %
2025/12/19 10:37:24.121, 318.37 W, 100 %
2025/12/19 10:37:25.121, 318.83 W, 100 %
2025/12/19 10:37:26.121, 319.71 W, 100 %
2025/12/19 10:37:27.121, 317.78 W, 100 %
2025/12/19 10:37:28.121, 318.99 W, 100 %
2025/12/19 10:37:29.122, 319.27 W, 100 %
2025/12/19 10:37:30.122, 317.95 W, 100 %
2025/12/19 10:37:31.122, 318.30 W, 100 %
2025/12/19 10:37:32.122, 319.74 W, 100 %
2025/12/19 10:37:33.122, 319.22 W, 100 %
2025/12/19 10:37:34.122, 318.17 W, 100 %
2025/12/19 10:37:35.122, 318.89 W, 100 %
2025/12/19 10:37:36.122, 320.34 W, 100 %
2025/12/19 10:37:37.123, 318.60 W, 100 %
2025/12/19 10:37:38.123, 319.27 W, 100 %
2025/12/19 10:37:39.124, 319.99 W, 100 %
2025/12/19 10:37:40.124, 319.62 W, 100 %
2025/12/19 10:37:41.124, 318.94 W, 100 %
2025/12/19 10:37:42.124, 319.55 W, 100 %
2025/12/19 10:37:43.124, 318.88 W, 100 %
2025/12/19 10:37:44.124, 318.97 W, 100 %
2025/12/19 10:37:45.124, 320.25 W, 100 %
2025/12/19 10:37:46.124, 318.82 W, 100 %
2025/12/19 10:37:47.124, 318.73 W, 100 %
2025/12/19 10:37:48.125, 320.65 W, 100 %
2025/12/19 10:37:49.125, 319.53 W, 100 %
2025/12/19 10:37:50.125, 318.99 W, 100 %
2025/12/19 10:37:51.125, 322.19 W, 100 %
2025/12/19 10:37:52.125, 319.32 W, 100 %
2025/12/19 10:37:53.125, 319.33 W, 100 %
2025/12/19 10:37:54.125, 320.42 W, 100 %
2025/12/19 10:37:55.125, 319.39 W, 100 %
2025/12/19 10:37:56.125, 317.92 W, 100 %
2025/12/19 10:37:57.125, 318.50 W, 100 %
2025/12/19 10:37:58.125, 318.93 W, 100 %
2025/12/19 10:37:59.126, 318.71 W, 100 %
2025/12/19 10:38:00.126, 318.92 W, 100 %
2025/12/19 10:38:01.126, 319.50 W, 100 %
2025/12/19 10:38:02.126, 319.53 W, 100 %
2025/12/19 10:38:03.126, 318.42 W, 100 %
2025/12/19 10:38:04.126, 318.05 W, 100 %
2025/12/19 10:38:05.126, 318.45 W, 100 %
2025/12/19 10:38:06.126, 318.41 W, 100 %
2025/12/19 10:38:07.126, 319.04 W, 100 %
2025/12/19 10:38:08.126, 318.09 W, 100 %
2025/12/19 10:38:09.127, 318.49 W, 100 %
2025/12/19 10:38:10.127, 319.23 W, 100 %
2025/12/19 10:38:11.127, 317.12 W, 100 %
2025/12/19 10:38:12.127, 319.47 W, 100 %
2025/12/19 10:38:13.127, 319.05 W, 100 %
2025/12/19 10:38:14.127, 318.26 W, 100 %
2025/12/19 10:38:15.127, 318.59 W, 100 %
2025/12/19 10:38:16.127, 318.15 W, 100 %
2025/12/19 10:38:17.127, 318.78 W, 100 %
2025/12/19 10:38:18.127, 317.58 W, 100 %
2025/12/19 10:38:19.127, 318.93 W, 100 %
2025/12/19 10:38:20.128, 319.42 W, 100 %
2025/12/19 10:38:21.128, 318.24 W, 100 %
2025/12/19 10:38:22.128, 317.10 W, 100 %
2025/12/19 10:38:23.128, 320.20 W, 100 %
2025/12/19 10:38:24.128, 319.09 W, 100 %
2025/12/19 10:38:25.128, 318.68 W, 100 %
2025/12/19 10:38:26.128, 320.37 W, 100 %
2025/12/19 10:38:27.128, 319.34 W, 100 %
2025/12/19 10:38:28.128, 319.07 W, 100 %
2025/12/19 10:38:29.129, 319.81 W, 100 %
2025/12/19 10:38:30.129, 318.32 W, 100 %
2025/12/19 10:38:31.129, 319.75 W, 100 %
2025/12/19 10:38:32.129, 321.79 W, 100 %
2025/12/19 10:38:33.129, 317.99 W, 100 %
2025/12/19 10:38:34.129, 319.21 W, 100 %
2025/12/19 10:38:35.129, 320.79 W, 100 %
2025/12/19 10:38:36.129, 318.98 W, 100 %
2025/12/19 10:38:37.129, 319.42 W, 100 %
2025/12/19 10:38:38.130, 318.97 W, 100 %
2025/12/19 10:38:39.130, 319.76 W, 100 %
2025/12/19 10:38:40.130, 319.11 W, 100 %
2025/12/19 10:38:41.130, 318.69 W, 100 %
2025/12/19 10:38:42.130, 319.68 W, 100 %
2025/12/19 10:38:43.130, 319.05 W, 100 %
2025/12/19 10:38:44.130, 318.28 W, 100 %
2025/12/19 10:38:45.130, 320.24 W, 100 %
2025/12/19 10:38:46.130, 319.12 W, 100 %
2025/12/19 10:38:47.130, 319.23 W, 100 %
2025/12/19 10:38:48.130, 319.56 W, 100 %
2025/12/19 10:38:49.131, 317.61 W, 100 %
2025/12/19 10:38:50.131, 318.85 W, 100 %
2025/12/19 10:38:51.131, 319.40 W, 100 %
2025/12/19 10:38:52.131, 317.47 W, 100 %
2025/12/19 10:38:53.131, 318.83 W, 100 %
2025/12/19 10:38:54.131, 319.27 W, 100 %
2025/12/19 10:38:55.131, 318.32 W, 100 %
2025/12/19 10:38:56.131, 319.34 W, 100 %
2025/12/19 10:38:57.131, 319.82 W, 100 %
2025/12/19 10:38:58.131, 319.38 W, 100 %
2025/12/19 10:38:59.132, 318.58 W, 100 %
2025/12/19 10:39:00.132, 318.46 W, 100 %
2025/12/19 10:39:01.132, 319.15 W, 100 %
2025/12/19 10:39:02.132, 319.35 W, 100 %
2025/12/19 10:39:03.132, 319.33 W, 100 %
2025/12/19 10:39:04.132, 319.67 W, 100 %
2025/12/19 10:39:05.132, 318.69 W, 100 %
2025/12/19 10:39:06.132, 319.20 W, 100 %
2025/12/19 10:39:07.132, 320.09 W, 100 %
2025/12/19 10:39:08.132, 319.50 W, 100 %
2025/12/19 10:39:09.132, 317.08 W, 100 %
2025/12/19 10:39:10.132, 320.70 W, 100 %
2025/12/19 10:39:11.132, 319.35 W, 100 %
2025/12/19 10:39:12.132, 317.62 W, 100 %
2025/12/19 10:39:13.133, 320.29 W, 100 %
2025/12/19 10:39:14.133, 318.88 W, 100 %
2025/12/19 10:39:15.133, 316.99 W, 100 %
2025/12/19 10:39:16.133, 318.49 W, 100 %
2025/12/19 10:39:17.133, 319.18 W, 100 %
2025/12/19 10:39:18.133, 319.52 W, 100 %
2025/12/19 10:39:19.133, 318.82 W, 100 %
2025/12/19 10:39:20.133, 318.79 W, 100 %
2025/12/19 10:39:21.133, 318.61 W, 100 %
2025/12/19 10:39:22.133, 318.48 W, 100 %
2025/12/19 10:39:23.134, 318.64 W, 100 %
2025/12/19 10:39:24.134, 318.94 W, 100 %
2025/12/19 10:39:25.134, 318.67 W, 100 %
2025/12/19 10:39:26.134, 320.21 W, 100 %
2025/12/19 10:39:27.134, 318.87 W, 100 %
2025/12/19 10:39:28.134, 319.13 W, 100 %
2025/12/19 10:39:29.134, 319.58 W, 100 %
2025/12/19 10:39:30.134, 317.76 W, 100 %
2025/12/19 10:39:31.134, 318.84 W, 100 %
2025/12/19 10:39:32.134, 320.05 W, 100 %
2025/12/19 10:39:33.134, 317.78 W, 100 %
2025/12/19 10:39:34.135, 318.82 W, 100 %
2025/12/19 10:39:35.135, 319.55 W, 100 %
2025/12/19 10:39:36.135, 319.68 W, 100 %
2025/12/19 10:39:37.135, 319.38 W, 100 %
2025/12/19 10:39:38.135, 319.58 W, 100 %
2025/12/19 10:39:39.135, 319.25 W, 100 %
2025/12/19 10:39:40.135, 319.02 W, 100 %
2025/12/19 10:39:41.135, 318.91 W, 100 %
2025/12/19 10:39:42.135, 318.98 W, 100 %
2025/12/19 10:39:43.135, 319.19 W, 100 %
2025/12/19 10:39:44.135, 318.86 W, 100 %
2025/12/19 10:39:45.135, 319.79 W, 100 %
2025/12/19 10:39:46.136, 319.59 W, 100 %
2025/12/19 10:39:47.136, 319.71 W, 100 %
2025/12/19 10:39:48.136, 320.19 W, 100 %
2025/12/19 10:39:49.136, 319.44 W, 100 %
2025/12/19 10:39:50.136, 318.74 W, 100 %
2025/12/19 10:39:51.136, 320.74 W, 100 %
2025/12/19 10:39:52.136, 319.19 W, 100 %
2025/12/19 10:39:53.136, 318.62 W, 100 %
2025/12/19 10:39:54.136, 321.70 W, 100 %
2025/12/19 10:39:55.136, 319.22 W, 100 %
2025/12/19 10:39:56.137, 319.46 W, 100 %
2025/12/19 10:39:57.137, 319.77 W, 100 %
2025/12/19 10:39:58.137, 318.77 W, 100 %
2025/12/19 10:39:59.137, 319.79 W, 100 %
2025/12/19 10:40:00.137, 319.42 W, 100 %
2025/12/19 10:40:01.137, 319.79 W, 100 %
2025/12/19 10:40:02.137, 316.86 W, 100 %
2025/12/19 10:40:03.137, 317.73 W, 100 %
2025/12/19 10:40:04.137, 318.93 W, 100 %
2025/12/19 10:40:05.138, 318.48 W, 100 %
2025/12/19 10:40:06.138, 318.76 W, 100 %
2025/12/19 10:40:07.138, 318.94 W, 100 %
2025/12/19 10:40:08.138, 317.89 W, 100 %
2025/12/19 10:40:09.138, 318.54 W, 100 %
2025/12/19 10:40:10.138, 318.32 W, 100 %
2025/12/19 10:40:11.138, 317.89 W, 100 %
2025/12/19 10:40:12.138, 319.48 W, 100 %
2025/12/19 10:40:13.139, 318.99 W, 100 %
2025/12/19 10:40:14.139, 318.04 W, 100 %
2025/12/19 10:40:15.139, 319.02 W, 100 %
2025/12/19 10:40:16.139, 319.69 W, 100 %
2025/12/19 10:40:17.139, 319.74 W, 100 %
2025/12/19 10:40:18.139, 318.45 W, 100 %
2025/12/19 10:40:19.139, 319.04 W, 100 %
2025/12/19 10:40:20.139, 320.24 W, 100 %
2025/12/19 10:40:21.139, 318.71 W, 100 %
2025/12/19 10:40:22.139, 318.11 W, 100 %
2025/12/19 10:40:23.140, 319.30 W, 100 %
2025/12/19 10:40:24.140, 318.68 W, 100 %
2025/12/19 10:40:25.140, 318.94 W, 100 %
2025/12/19 10:40:26.140, 320.34 W, 100 %
2025/12/19 10:40:27.140, 318.65 W, 100 %
2025/12/19 10:40:28.140, 319.03 W, 100 %
2025/12/19 10:40:29.140, 321.21 W, 100 %
2025/12/19 10:40:30.140, 319.74 W, 100 %
2025/12/19 10:40:31.140, 318.27 W, 100 %
2025/12/19 10:40:32.141, 321.80 W, 100 %
2025/12/19 10:40:33.141, 320.04 W, 100 %
2025/12/19 10:40:34.141, 318.74 W, 100 %
2025/12/19 10:40:35.141, 319.30 W, 100 %
2025/12/19 10:40:36.141, 318.44 W, 100 %
2025/12/19 10:40:37.141, 318.55 W, 100 %
2025/12/19 10:40:38.141, 319.67 W, 100 %
2025/12/19 10:40:39.141, 318.55 W, 100 %
2025/12/19 10:40:40.141, 319.45 W, 100 %
2025/12/19 10:40:41.141, 319.55 W, 100 %
2025/12/19 10:40:42.142, 318.61 W, 100 %
2025/12/19 10:40:43.142, 318.53 W, 100 %
2025/12/19 10:40:44.142, 319.62 W, 100 %
2025/12/19 10:40:45.142, 317.64 W, 100 %
2025/12/19 10:40:46.142, 318.89 W, 100 %
2025/12/19 10:40:47.142, 320.53 W, 100 %
2025/12/19 10:40:48.142, 318.75 W, 100 %
2025/12/19 10:40:49.142, 317.51 W, 100 %
2025/12/19 10:40:50.142, 320.93 W, 100 %
2025/12/19 10:40:51.142, 318.82 W, 100 %
2025/12/19 10:40:52.143, 318.71 W, 100 %
2025/12/19 10:40:53.143, 320.18 W, 100 %
2025/12/19 10:40:54.143, 319.31 W, 100 %
2025/12/19 10:40:55.143, 316.71 W, 100 %
2025/12/19 10:40:56.143, 318.56 W, 100 %
2025/12/19 10:40:57.143, 318.75 W, 100 %
2025/12/19 10:40:58.143, 319.04 W, 100 %
2025/12/19 10:40:59.143, 319.27 W, 100 %
2025/12/19 10:41:00.143, 318.53 W, 100 %
2025/12/19 10:41:01.144, 318.77 W, 100 %
2025/12/19 10:41:02.144, 319.08 W, 100 %
2025/12/19 10:41:03.144, 318.87 W, 100 %
2025/12/19 10:41:04.144, 319.86 W, 100 %
2025/12/19 10:41:05.144, 319.48 W, 100 %
2025/12/19 10:41:06.144, 319.86 W, 100 %
2025/12/19 10:41:07.144, 318.99 W, 100 %
2025/12/19 10:41:08.144, 318.90 W, 100 %
2025/12/19 10:41:09.144, 319.60 W, 100 %
2025/12/19 10:41:10.145, 317.70 W, 100 %
2025/12/19 10:41:11.145, 319.38 W, 100 %
2025/12/19 10:41:12.145, 319.47 W, 100 %
2025/12/19 10:41:13.145, 316.79 W, 100 %
2025/12/19 10:41:14.145, 318.50 W, 100 %
2025/12/19 10:41:15.145, 318.79 W, 100 %
2025/12/19 10:41:16.145, 317.71 W, 100 %
2025/12/19 10:41:17.145, 318.52 W, 100 %
2025/12/19 10:41:18.145, 319.23 W, 100 %
2025/12/19 10:41:19.146, 319.77 W, 100 %
2025/12/19 10:41:20.146, 319.24 W, 100 %
2025/12/19 10:41:21.146, 318.94 W, 100 %
2025/12/19 10:41:22.146, 319.49 W, 100 %
2025/12/19 10:41:23.146, 319.39 W, 100 %
2025/12/19 10:41:24.146, 319.26 W, 100 %
2025/12/19 10:41:25.146, 320.38 W, 100 %
2025/12/19 10:41:26.146, 319.68 W, 100 %
2025/12/19 10:41:27.146, 318.89 W, 100 %
2025/12/19 10:41:28.147, 320.48 W, 100 %
2025/12/19 10:41:29.147, 319.46 W, 100 %
2025/12/19 10:41:30.147, 317.69 W, 100 %
2025/12/19 10:41:31.147, 320.94 W, 100 %
2025/12/19 10:41:32.147, 319.16 W, 100 %
2025/12/19 10:41:33.147, 318.82 W, 100 %
2025/12/19 10:41:34.147, 321.28 W, 100 %
2025/12/19 10:41:35.147, 319.15 W, 100 %
2025/12/19 10:41:36.147, 319.46 W, 100 %
2025/12/19 10:41:37.147, 321.03 W, 100 %
2025/12/19 10:41:38.148, 319.60 W, 100 %
2025/12/19 10:41:39.148, 318.71 W, 100 %
2025/12/19 10:41:40.148, 319.10 W, 100 %
2025/12/19 10:41:41.148, 319.83 W, 100 %
2025/12/19 10:41:42.148, 319.19 W, 100 %
2025/12/19 10:41:43.148, 319.01 W, 100 %
2025/12/19 10:41:44.148, 317.44 W, 100 %
2025/12/19 10:41:45.148, 319.39 W, 100 %
2025/12/19 10:41:46.148, 319.54 W, 100 %
2025/12/19 10:41:47.149, 319.39 W, 100 %
2025/12/19 10:41:48.149, 316.83 W, 100 %
2025/12/19 10:41:49.149, 318.08 W, 100 %
2025/12/19 10:41:50.149, 318.64 W, 100 %
2025/12/19 10:41:51.149, 317.35 W, 100 %
2025/12/19 10:41:52.149, 319.19 W, 100 %
2025/12/19 10:41:53.149, 319.16 W, 100 %
2025/12/19 10:41:54.149, 318.15 W, 100 %
2025/12/19 10:41:55.149, 319.20 W, 100 %
2025/12/19 10:41:56.149, 319.57 W, 100 %
2025/12/19 10:41:57.150, 319.60 W, 100 %
2025/12/19 10:41:58.150, 318.56 W, 100 %
2025/12/19 10:41:59.150, 318.74 W, 100 %
2025/12/19 10:42:00.150, 320.26 W, 100 %
2025/12/19 10:42:01.150, 318.10 W, 100 %
2025/12/19 10:42:02.150, 319.12 W, 100 %
2025/12/19 10:42:03.150, 320.23 W, 100 %
2025/12/19 10:42:04.150, 319.63 W, 100 %
2025/12/19 10:42:05.150, 318.93 W, 100 %
2025/12/19 10:42:06.150, 320.15 W, 100 %
2025/12/19 10:42:07.150, 319.32 W, 100 %
2025/12/19 10:42:08.150, 319.42 W, 100 %
2025/12/19 10:42:09.150, 320.83 W, 100 %
2025/12/19 10:42:10.150, 319.55 W, 100 %
2025/12/19 10:42:11.151, 318.16 W, 100 %
2025/12/19 10:42:12.151, 321.53 W, 100 %
2025/12/19 10:42:13.151, 319.31 W, 100 %
2025/12/19 10:42:14.151, 319.31 W, 100 %
2025/12/19 10:42:15.151, 320.69 W, 100 %
2025/12/19 10:42:16.151, 319.05 W, 100 %
2025/12/19 10:42:17.151, 317.64 W, 100 %
2025/12/19 10:42:18.151, 319.26 W, 100 %
2025/12/19 10:42:19.151, 319.52 W, 100 %
2025/12/19 10:42:20.151, 318.54 W, 100 %
2025/12/19 10:42:21.152, 319.03 W, 100 %
2025/12/19 10:42:22.152, 319.73 W, 100 %
2025/12/19 10:42:23.152, 319.27 W, 100 %
2025/12/19 10:42:24.152, 318.91 W, 100 %
2025/12/19 10:42:25.152, 319.06 W, 100 %
2025/12/19 10:42:26.152, 319.34 W, 100 %
2025/12/19 10:42:27.152, 319.58 W, 100 %
2025/12/19 10:42:28.152, 319.28 W, 100 %
2025/12/19 10:42:29.152, 317.10 W, 100 %
2025/12/19 10:42:30.152, 318.19 W, 100 %
2025/12/19 10:42:31.152, 318.25 W, 100 %
2025/12/19 10:42:32.152, 316.77 W, 100 %
2025/12/19 10:42:33.153, 318.89 W, 100 %
2025/12/19 10:42:34.153, 319.26 W, 100 %
2025/12/19 10:42:35.153, 318.54 W, 100 %
2025/12/19 10:42:36.153, 318.52 W, 100 %
2025/12/19 10:42:37.153, 317.12 W, 100 %
2025/12/19 10:42:38.153, 320.62 W, 100 %
2025/12/19 10:42:39.153, 319.34 W, 100 %
2025/12/19 10:42:40.153, 318.83 W, 100 %
2025/12/19 10:42:41.153, 320.29 W, 100 %
2025/12/19 10:42:42.153, 319.15 W, 100 %
2025/12/19 10:42:43.153, 316.96 W, 100 %
2025/12/19 10:42:44.154, 320.78 W, 100 %
2025/12/19 10:42:45.154, 318.57 W, 100 %
2025/12/19 10:42:46.154, 318.49 W, 100 %
2025/12/19 10:42:47.154, 319.77 W, 100 %
2025/12/19 10:42:48.154, 319.01 W, 100 %
2025/12/19 10:42:49.154, 318.94 W, 100 %
2025/12/19 10:42:50.154, 320.00 W, 100 %
2025/12/19 10:42:51.154, 318.88 W, 100 %
2025/12/19 10:42:52.154, 319.23 W, 100 %
2025/12/19 10:42:53.154, 321.06 W, 100 %
2025/12/19 10:42:54.154, 318.42 W, 100 %
2025/12/19 10:42:55.154, 318.96 W, 100 %
2025/12/19 10:42:56.155, 320.60 W, 100 %
2025/12/19 10:42:57.155, 318.95 W, 100 %
2025/12/19 10:42:58.155, 318.77 W, 100 %
2025/12/19 10:42:59.155, 318.87 W, 100 %
2025/12/19 10:43:00.155, 319.17 W, 100 %
2025/12/19 10:43:01.155, 319.41 W, 100 %
2025/12/19 10:43:02.155, 318.24 W, 100 %
2025/12/19 10:43:03.155, 319.62 W, 100 %
2025/12/19 10:43:04.155, 319.55 W, 100 %
2025/12/19 10:43:05.155, 318.94 W, 100 %
2025/12/19 10:43:06.156, 320.11 W, 100 %
2025/12/19 10:43:07.156, 318.57 W, 100 %
2025/12/19 10:43:08.157, 317.62 W, 100 %
2025/12/19 10:43:09.157, 319.56 W, 100 %
2025/12/19 10:43:10.157, 318.45 W, 100 %
2025/12/19 10:43:11.157, 319.07 W, 100 %
2025/12/19 10:43:12.157, 320.23 W, 100 %
2025/12/19 10:43:13.157, 317.87 W, 100 %
2025/12/19 10:43:14.157, 319.84 W, 100 %
2025/12/19 10:43:15.157, 319.23 W, 100 %
2025/12/19 10:43:16.157, 316.82 W, 100 %
2025/12/19 10:43:17.157, 319.12 W, 100 %
2025/12/19 10:43:18.157, 318.90 W, 100 %
2025/12/19 10:43:19.158, 320.12 W, 100 %
2025/12/19 10:43:20.158, 318.75 W, 100 %
2025/12/19 10:43:21.158, 316.92 W, 100 %
2025/12/19 10:43:22.158, 320.43 W, 100 %
2025/12/19 10:43:23.158, 319.30 W, 100 %
2025/12/19 10:43:24.158, 317.68 W, 100 %
2025/12/19 10:43:25.158, 318.16 W, 100 %
2025/12/19 10:43:26.158, 318.64 W, 100 %
2025/12/19 10:43:27.158, 318.61 W, 100 %
2025/12/19 10:43:28.159, 318.39 W, 100 %
2025/12/19 10:43:29.159, 319.57 W, 100 %
2025/12/19 10:43:30.159, 317.63 W, 100 %
2025/12/19 10:43:31.159, 319.46 W, 100 %
2025/12/19 10:43:32.159, 319.23 W, 100 %
2025/12/19 10:43:33.159, 319.73 W, 100 %
2025/12/19 10:43:34.159, 318.69 W, 100 %
2025/12/19 10:43:35.159, 319.23 W, 100 %
2025/12/19 10:43:36.159, 320.37 W, 100 %
2025/12/19 10:43:37.160, 318.53 W, 100 %
2025/12/19 10:43:38.160, 317.88 W, 100 %
2025/12/19 10:43:39.160, 320.99 W, 100 %
2025/12/19 10:43:40.160, 319.20 W, 100 %
2025/12/19 10:43:41.160, 317.98 W, 100 %
2025/12/19 10:43:42.160, 319.18 W, 100 %
2025/12/19 10:43:43.160, 319.77 W, 100 %
2025/12/19 10:43:44.160, 318.83 W, 100 %
2025/12/19 10:43:45.160, 318.73 W, 100 %
2025/12/19 10:43:46.161, 319.40 W, 100 %
2025/12/19 10:43:47.161, 318.86 W, 100 %
2025/12/19 10:43:48.161, 318.21 W, 100 %
2025/12/19 10:43:49.161, 319.53 W, 100 %
2025/12/19 10:43:50.161, 317.79 W, 100 %
2025/12/19 10:43:51.161, 318.70 W, 100 %
2025/12/19 10:43:52.161, 319.36 W, 100 %
2025/12/19 10:43:53.161, 316.61 W, 100 %
2025/12/19 10:43:54.161, 318.75 W, 100 %
2025/12/19 10:43:55.161, 318.41 W, 100 %
2025/12/19 10:43:56.162, 316.62 W, 100 %
2025/12/19 10:43:57.162, 316.92 W, 100 %
2025/12/19 10:43:58.162, 318.73 W, 100 %
2025/12/19 10:43:59.162, 319.10 W, 100 %
2025/12/19 10:44:00.162, 319.02 W, 100 %
2025/12/19 10:44:01.162, 317.58 W, 100 %
2025/12/19 10:44:02.162, 320.58 W, 100 %
2025/12/19 10:44:03.162, 319.48 W, 100 %
2025/12/19 10:44:04.162, 318.51 W, 100 %
2025/12/19 10:44:05.163, 320.33 W, 100 %
2025/12/19 10:44:06.163, 319.30 W, 100 %
2025/12/19 10:44:07.163, 317.87 W, 100 %
2025/12/19 10:44:08.163, 321.30 W, 100 %
2025/12/19 10:44:09.163, 318.25 W, 100 %
2025/12/19 10:44:10.163, 319.43 W, 100 %
2025/12/19 10:44:11.163, 320.56 W, 100 %
2025/12/19 10:44:12.163, 318.23 W, 100 %
2025/12/19 10:44:13.163, 318.64 W, 100 %
2025/12/19 10:44:14.164, 321.22 W, 100 %
2025/12/19 10:44:15.164, 318.49 W, 100 %
2025/12/19 10:44:16.164, 319.05 W, 100 %
2025/12/19 10:44:17.164, 321.65 W, 100 %
2025/12/19 10:44:18.164, 319.22 W, 100 %
2025/12/19 10:44:19.164, 319.25 W, 100 %
2025/12/19 10:44:20.164, 319.09 W, 100 %
2025/12/19 10:44:21.164, 319.38 W, 100 %
2025/12/19 10:44:22.164, 319.17 W, 100 %
2025/12/19 10:44:23.164, 318.78 W, 100 %
2025/12/19 10:44:24.165, 319.69 W, 100 %
2025/12/19 10:44:25.165, 318.90 W, 100 %
2025/12/19 10:44:26.165, 317.48 W, 100 %
2025/12/19 10:44:27.165, 319.51 W, 100 %
2025/12/19 10:44:28.165, 319.09 W, 100 %
2025/12/19 10:44:29.165, 319.03 W, 100 %
2025/12/19 10:44:30.165, 319.38 W, 100 %
2025/12/19 10:44:31.165, 318.27 W, 100 %
2025/12/19 10:44:32.165, 319.13 W, 100 %
2025/12/19 10:44:33.166, 319.57 W, 100 %
2025/12/19 10:44:34.166, 317.16 W, 100 %
2025/12/19 10:44:35.166, 319.29 W, 100 %
2025/12/19 10:44:36.166, 319.68 W, 100 %
2025/12/19 10:44:37.166, 317.61 W, 100 %
2025/12/19 10:44:38.166, 319.60 W, 100 %
2025/12/19 10:44:39.166, 319.18 W, 100 %
2025/12/19 10:44:40.166, 317.53 W, 100 %
2025/12/19 10:44:41.166, 319.72 W, 100 %
2025/12/19 10:44:42.166, 318.46 W, 100 %
2025/12/19 10:44:43.166, 320.19 W, 100 %
2025/12/19 10:44:44.167, 319.21 W, 100 %
2025/12/19 10:44:45.167, 318.71 W, 100 %
2025/12/19 10:44:46.167, 319.92 W, 100 %
2025/12/19 10:44:47.167, 318.48 W, 100 %
2025/12/19 10:44:48.167, 318.04 W, 100 %
2025/12/19 10:44:49.167, 318.66 W, 100 %
2025/12/19 10:44:50.167, 318.11 W, 100 %
2025/12/19 10:44:51.167, 318.79 W, 100 %
2025/12/19 10:44:52.167, 319.97 W, 100 %
2025/12/19 10:44:53.167, 318.64 W, 100 %
2025/12/19 10:44:54.167, 318.30 W, 100 %
2025/12/19 10:44:55.167, 319.83 W, 100 %
2025/12/19 10:44:56.167, 318.92 W, 100 %
2025/12/19 10:44:57.168, 318.00 W, 100 %
2025/12/19 10:44:58.168, 320.92 W, 100 %
2025/12/19 10:44:59.168, 318.86 W, 100 %
2025/12/19 10:45:00.168, 319.48 W, 100 %
2025/12/19 10:45:01.168, 320.57 W, 100 %
2025/12/19 10:45:02.168, 319.14 W, 100 %
2025/12/19 10:45:03.168, 319.77 W, 100 %
2025/12/19 10:45:04.168, 319.29 W, 100 %
2025/12/19 10:45:05.168, 318.88 W, 100 %
2025/12/19 10:45:06.168, 319.27 W, 100 %
2025/12/19 10:45:07.168, 318.97 W, 100 %
2025/12/19 10:45:08.168, 319.14 W, 100 %
2025/12/19 10:45:09.168, 318.76 W, 100 %
2025/12/19 10:45:10.169, 318.39 W, 100 %
2025/12/19 10:45:11.169, 320.00 W, 100 %
2025/12/19 10:45:12.169, 318.66 W, 100 %
2025/12/19 10:45:13.169, 318.79 W, 100 %
2025/12/19 10:45:14.169, 319.82 W, 100 %
2025/12/19 10:45:15.169, 318.02 W, 100 %
2025/12/19 10:45:16.169, 319.35 W, 100 %
2025/12/19 10:45:17.169, 319.49 W, 100 %
2025/12/19 10:45:18.169, 317.28 W, 100 %
2025/12/19 10:45:19.169, 317.87 W, 100 %
2025/12/19 10:45:20.170, 319.48 W, 100 %
2025/12/19 10:45:21.170, 319.61 W, 100 %
2025/12/19 10:45:22.170, 319.63 W, 100 %
2025/12/19 10:45:23.170, 319.42 W, 100 %
2025/12/19 10:45:24.170, 319.68 W, 100 %
2025/12/19 10:45:25.170, 319.09 W, 100 %
2025/12/19 10:45:26.170, 319.66 W, 100 %
2025/12/19 10:45:27.170, 318.20 W, 100 %
2025/12/19 10:45:28.170, 318.61 W, 100 %
2025/12/19 10:45:29.171, 319.29 W, 100 %
2025/12/19 10:45:30.171, 319.26 W, 100 %
2025/12/19 10:45:31.171, 319.64 W, 100 %
2025/12/19 10:45:32.171, 319.65 W, 100 %
2025/12/19 10:45:33.171, 319.44 W, 100 %
2025/12/19 10:45:34.171, 319.73 W, 100 %
2025/12/19 10:45:35.171, 318.78 W, 100 %
2025/12/19 10:45:36.171, 318.19 W, 100 %
2025/12/19 10:45:37.171, 319.24 W, 100 %
2025/12/19 10:45:38.171, 319.39 W, 100 %
2025/12/19 10:45:39.171, 317.17 W, 100 %
2025/12/19 10:45:40.172, 319.30 W, 100 %
2025/12/19 10:45:41.172, 317.96 W, 100 %
2025/12/19 10:45:42.172, 318.78 W, 100 %
2025/12/19 10:45:43.172, 318.91 W, 100 %
2025/12/19 10:45:44.172, 319.35 W, 100 %
2025/12/19 10:45:45.172, 319.98 W, 100 %
2025/12/19 10:45:46.172, 318.90 W, 100 %
2025/12/19 10:45:47.172, 318.83 W, 100 %
2025/12/19 10:45:48.172, 319.60 W, 100 %
2025/12/19 10:45:49.173, 318.48 W, 100 %
2025/12/19 10:45:50.173, 318.88 W, 100 %
2025/12/19 10:45:51.173, 320.11 W, 100 %
2025/12/19 10:45:52.173, 319.23 W, 100 %
2025/12/19 10:45:53.173, 317.26 W, 100 %
2025/12/19 10:45:54.173, 320.42 W, 100 %
2025/12/19 10:45:55.173, 319.25 W, 100 %
2025/12/19 10:45:56.173, 319.42 W, 100 %
2025/12/19 10:45:57.173, 320.97 W, 100 %
2025/12/19 10:45:58.173, 318.60 W, 100 %
2025/12/19 10:45:59.174, 318.98 W, 100 %
2025/12/19 10:46:00.174, 320.55 W, 100 %
2025/12/19 10:46:01.174, 318.90 W, 100 %
2025/12/19 10:46:02.174, 318.82 W, 100 %
2025/12/19 10:46:03.174, 320.02 W, 100 %
2025/12/19 10:46:04.174, 319.45 W, 100 %
2025/12/19 10:46:05.174, 319.08 W, 100 %
2025/12/19 10:46:06.174, 318.19 W, 100 %
2025/12/19 10:46:07.174, 319.75 W, 100 %
2025/12/19 10:46:08.174, 319.70 W, 100 %
2025/12/19 10:46:09.174, 318.58 W, 100 %
2025/12/19 10:46:10.175, 319.22 W, 100 %
2025/12/19 10:46:11.175, 319.13 W, 100 %
2025/12/19 10:46:12.175, 319.41 W, 100 %
2025/12/19 10:46:13.175, 319.64 W, 100 %
2025/12/19 10:46:14.175, 316.51 W, 100 %
2025/12/19 10:46:15.175, 319.60 W, 100 %
2025/12/19 10:46:16.175, 319.59 W, 100 %
2025/12/19 10:46:17.175, 317.00 W, 100 %
2025/12/19 10:46:18.175, 318.65 W, 100 %
2025/12/19 10:46:19.176, 319.20 W, 100 %
2025/12/19 10:46:20.176, 318.39 W, 100 %
2025/12/19 10:46:21.176, 318.73 W, 100 %
2025/12/19 10:46:22.176, 318.23 W, 100 %
2025/12/19 10:46:23.176, 319.63 W, 100 %
2025/12/19 10:46:24.176, 318.91 W, 100 %
2025/12/19 10:46:25.176, 318.76 W, 100 %
2025/12/19 10:46:26.176, 319.33 W, 100 %
2025/12/19 10:46:27.176, 318.98 W, 100 %
2025/12/19 10:46:28.176, 318.78 W, 100 %
2025/12/19 10:46:29.177, 319.75 W, 100 %
2025/12/19 10:46:30.177, 318.83 W, 100 %
2025/12/19 10:46:31.177, 318.65 W, 100 %
2025/12/19 10:46:32.177, 319.65 W, 100 %
2025/12/19 10:46:33.177, 319.51 W, 100 %
2025/12/19 10:46:34.177, 318.40 W, 100 %
2025/12/19 10:46:35.177, 320.17 W, 100 %
2025/12/19 10:46:36.177, 319.57 W, 100 %
2025/12/19 10:46:37.177, 319.04 W, 100 %
2025/12/19 10:46:38.177, 319.96 W, 100 %
2025/12/19 10:46:39.178, 319.49 W, 100 %
2025/12/19 10:46:40.178, 318.44 W, 100 %
2025/12/19 10:46:41.178, 321.11 W, 100 %
2025/12/19 10:46:42.178, 319.17 W, 100 %
2025/12/19 10:46:43.178, 318.51 W, 100 %
2025/12/19 10:46:44.178, 321.64 W, 100 %
2025/12/19 10:46:45.178, 319.61 W, 100 %
2025/12/19 10:46:46.178, 319.02 W, 100 %
2025/12/19 10:46:47.178, 319.10 W, 100 %
2025/12/19 10:46:48.178, 318.64 W, 100 %
2025/12/19 10:46:49.179, 319.37 W, 100 %
2025/12/19 10:46:50.179, 319.02 W, 100 %
2025/12/19 10:46:51.179, 319.50 W, 100 %
2025/12/19 10:46:52.179, 317.03 W, 100 %
2025/12/19 10:46:53.179, 317.61 W, 100 %
2025/12/19 10:46:54.179, 318.85 W, 100 %
2025/12/19 10:46:55.179, 317.05 W, 100 %
2025/12/19 10:46:56.179, 317.62 W, 100 %
2025/12/19 10:46:57.179, 319.97 W, 100 %
2025/12/19 10:46:58.179, 318.00 W, 100 %
2025/12/19 10:46:59.180, 319.44 W, 100 %
2025/12/19 10:47:00.180, 317.88 W, 100 %
2025/12/19 10:47:01.180, 318.11 W, 100 %
2025/12/19 10:47:02.180, 319.37 W, 100 %
2025/12/19 10:47:03.180, 319.61 W, 100 %
2025/12/19 10:47:04.180, 317.60 W, 100 %
2025/12/19 10:47:05.180, 319.23 W, 100 %
2025/12/19 10:47:06.180, 317.98 W, 100 %
2025/12/19 10:47:07.180, 319.81 W, 100 %
2025/12/19 10:47:08.180, 319.07 W, 100 %
2025/12/19 10:47:09.180, 318.02 W, 100 %
2025/12/19 10:47:10.180, 319.76 W, 100 %
2025/12/19 10:47:11.181, 319.31 W, 100 %
2025/12/19 10:47:12.181, 319.24 W, 100 %
2025/12/19 10:47:13.181, 319.38 W, 100 %
2025/12/19 10:47:14.181, 318.05 W, 100 %
2025/12/19 10:47:15.181, 319.21 W, 100 %
2025/12/19 10:47:16.181, 320.29 W, 100 %
2025/12/19 10:47:17.181, 318.18 W, 100 %
2025/12/19 10:47:18.181, 318.83 W, 100 %
2025/12/19 10:47:19.181, 320.17 W, 100 %
2025/12/19 10:47:20.181, 319.02 W, 100 %
2025/12/19 10:47:21.182, 319.47 W, 100 %
2025/12/19 10:47:22.182, 320.79 W, 100 %
2025/12/19 10:47:23.182, 319.16 W, 100 %
2025/12/19 10:47:24.182, 319.35 W, 100 %
2025/12/19 10:47:25.182, 321.71 W, 100 %
2025/12/19 10:47:26.182, 319.60 W, 100 %
2025/12/19 10:47:27.182, 319.16 W, 100 %
2025/12/19 10:47:28.182, 321.21 W, 100 %
2025/12/19 10:47:29.182, 319.84 W, 100 %
2025/12/19 10:47:30.182, 319.26 W, 100 %
2025/12/19 10:47:31.182, 319.09 W, 100 %
2025/12/19 10:47:32.183, 319.62 W, 100 %
2025/12/19 10:47:33.183, 319.29 W, 100 %
2025/12/19 10:47:34.183, 319.12 W, 100 %
2025/12/19 10:47:35.183, 320.05 W, 100 %
2025/12/19 10:47:36.183, 319.09 W, 100 %
2025/12/19 10:47:37.183, 319.14 W, 100 %
2025/12/19 10:47:38.183, 319.58 W, 100 %
2025/12/19 10:47:39.183, 318.98 W, 100 %
2025/12/19 10:47:40.183, 318.91 W, 100 %
2025/12/19 10:47:41.184, 319.38 W, 100 %
2025/12/19 10:47:42.184, 318.60 W, 100 %
2025/12/19 10:47:43.184, 319.42 W, 100 %
2025/12/19 10:47:44.184, 320.26 W, 100 %
2025/12/19 10:47:45.184, 316.57 W, 100 %
2025/12/19 10:47:46.184, 319.24 W, 100 %
2025/12/19 10:47:47.184, 319.77 W, 100 %
2025/12/19 10:47:48.184, 317.11 W, 100 %
2025/12/19 10:47:49.184, 318.98 W, 100 %
2025/12/19 10:47:50.184, 319.42 W, 100 %
2025/12/19 10:47:51.185, 318.57 W, 100 %
2025/12/19 10:47:52.185, 319.17 W, 100 %
2025/12/19 10:47:53.185, 319.12 W, 100 %
2025/12/19 10:47:54.185, 320.18 W, 100 %
2025/12/19 10:47:55.185, 318.91 W, 100 %
2025/12/19 10:47:56.185, 318.78 W, 100 %
2025/12/19 10:47:57.185, 319.96 W, 100 %
2025/12/19 10:47:58.185, 318.87 W, 100 %
2025/12/19 10:47:59.185, 318.92 W, 100 %
2025/12/19 10:48:00.186, 319.71 W, 100 %
2025/12/19 10:48:01.186, 317.89 W, 100 %
2025/12/19 10:48:02.186, 319.21 W, 100 %
2025/12/19 10:48:03.186, 320.39 W, 100 %
2025/12/19 10:48:04.186, 318.83 W, 100 %
2025/12/19 10:48:05.186, 317.67 W, 100 %
2025/12/19 10:48:06.186, 320.88 W, 100 %
2025/12/19 10:48:07.186, 319.52 W, 100 %
2025/12/19 10:48:08.186, 318.88 W, 100 %
2025/12/19 10:48:09.186, 321.59 W, 100 %
2025/12/19 10:48:10.186, 319.40 W, 100 %
2025/12/19 10:48:11.187, 318.55 W, 100 %
2025/12/19 10:48:12.187, 319.30 W, 100 %
2025/12/19 10:48:13.187, 318.99 W, 100 %
2025/12/19 10:48:14.187, 319.61 W, 100 %
2025/12/19 10:48:15.187, 319.13 W, 100 %
2025/12/19 10:48:16.187, 319.02 W, 100 %
2025/12/19 10:48:17.187, 318.65 W, 100 %
2025/12/19 10:48:18.187, 319.03 W, 100 %
2025/12/19 10:48:19.187, 318.51 W, 100 %
2025/12/19 10:48:20.188, 320.03 W, 100 %
2025/12/19 10:48:21.188, 319.43 W, 100 %
2025/12/19 10:48:22.188, 318.87 W, 100 %
2025/12/19 10:48:23.188, 318.98 W, 100 %
2025/12/19 10:48:24.188, 319.03 W, 100 %
2025/12/19 10:48:25.188, 320.02 W, 100 %
2025/12/19 10:48:26.188, 318.20 W, 100 %
2025/12/19 10:48:27.188, 318.53 W, 100 %
2025/12/19 10:48:28.188, 320.35 W, 100 %
2025/12/19 10:48:29.189, 317.65 W, 100 %
2025/12/19 10:48:30.189, 319.08 W, 100 %
2025/12/19 10:48:31.189, 319.35 W, 100 %
2025/12/19 10:48:32.189, 318.13 W, 100 %
2025/12/19 10:48:33.189, 318.77 W, 100 %
2025/12/19 10:48:34.189, 319.30 W, 100 %
2025/12/19 10:48:35.189, 320.40 W, 100 %
2025/12/19 10:48:36.189, 319.32 W, 100 %
2025/12/19 10:48:37.189, 318.95 W, 100 %
2025/12/19 10:48:38.190, 319.36 W, 100 %
2025/12/19 10:48:39.190, 318.78 W, 100 %
2025/12/19 10:48:40.190, 318.97 W, 100 %
2025/12/19 10:48:41.190, 318.92 W, 100 %
2025/12/19 10:48:42.190, 319.21 W, 100 %
2025/12/19 10:48:43.190, 318.66 W, 100 %
2025/12/19 10:48:44.190, 319.80 W, 100 %
2025/12/19 10:48:45.190, 319.02 W, 100 %
2025/12/19 10:48:46.190, 319.42 W, 100 %
2025/12/19 10:48:47.190, 320.11 W, 100 %
2025/12/19 10:48:48.190, 318.85 W, 100 %
2025/12/19 10:48:49.190, 319.63 W, 100 %
2025/12/19 10:48:50.190, 321.14 W, 100 %
2025/12/19 10:48:51.190, 318.88 W, 100 %
2025/12/19 10:48:52.191, 318.06 W, 100 %
2025/12/19 10:48:53.191, 321.23 W, 100 %
2025/12/19 10:48:54.191, 319.89 W, 100 %
2025/12/19 10:48:55.191, 318.84 W, 100 %
2025/12/19 10:48:56.191, 318.98 W, 100 %
2025/12/19 10:48:57.191, 319.73 W, 100 %
2025/12/19 10:48:58.191, 318.88 W, 100 %
2025/12/19 10:48:59.191, 318.32 W, 100 %
2025/12/19 10:49:00.191, 319.11 W, 100 %
2025/12/19 10:49:01.191, 317.97 W, 100 %
2025/12/19 10:49:02.191, 318.34 W, 100 %
2025/12/19 10:49:03.191, 319.38 W, 100 %
2025/12/19 10:49:04.192, 316.67 W, 100 %
2025/12/19 10:49:05.192, 318.05 W, 100 %
2025/12/19 10:49:06.192, 318.72 W, 100 %
2025/12/19 10:49:07.192, 316.78 W, 100 %
2025/12/19 10:49:08.192, 317.38 W, 100 %
2025/12/19 10:49:09.192, 319.19 W, 100 %
2025/12/19 10:49:10.192, 316.68 W, 100 %
2025/12/19 10:49:11.192, 318.00 W, 100 %
2025/12/19 10:49:12.192, 317.97 W, 100 %
2025/12/19 10:49:13.192, 319.32 W, 100 %
2025/12/19 10:49:14.193, 319.30 W, 100 %
2025/12/19 10:49:15.193, 318.33 W, 100 %
2025/12/19 10:49:16.193, 319.70 W, 100 %
2025/12/19 10:49:17.193, 318.89 W, 100 %
2025/12/19 10:49:18.193, 317.70 W, 100 %
2025/12/19 10:49:19.193, 320.67 W, 100 %
2025/12/19 10:49:20.193, 319.26 W, 100 %
2025/12/19 10:49:21.193, 319.50 W, 100 %
2025/12/19 10:49:22.193, 320.35 W, 100 %
2025/12/19 10:49:23.193, 319.34 W, 100 %
2025/12/19 10:49:24.194, 318.57 W, 100 %
2025/12/19 10:49:25.194, 319.69 W, 100 %
2025/12/19 10:49:26.194, 318.92 W, 100 %
2025/12/19 10:49:27.194, 318.88 W, 100 %
2025/12/19 10:49:28.194, 321.07 W, 100 %
2025/12/19 10:49:29.194, 319.67 W, 100 %
2025/12/19 10:49:30.194, 319.60 W, 100 %
2025/12/19 10:49:31.194, 321.40 W, 100 %
2025/12/19 10:49:32.194, 319.09 W, 100 %
2025/12/19 10:49:33.194, 319.25 W, 100 %
2025/12/19 10:49:34.195, 320.39 W, 100 %
2025/12/19 10:49:35.195, 319.51 W, 100 %
2025/12/19 10:49:36.195, 318.91 W, 100 %
2025/12/19 10:49:37.195, 318.66 W, 100 %
2025/12/19 10:49:38.195, 319.79 W, 100 %
2025/12/19 10:49:39.195, 318.02 W, 100 %
2025/12/19 10:49:40.195, 318.50 W, 100 %
2025/12/19 10:49:41.195, 319.98 W, 100 %
2025/12/19 10:49:42.195, 318.86 W, 100 %
2025/12/19 10:49:43.196, 319.15 W, 100 %
2025/12/19 10:49:44.196, 319.73 W, 100 %
2025/12/19 10:49:45.196, 319.11 W, 100 %
2025/12/19 10:49:46.196, 319.54 W, 100 %
2025/12/19 10:49:47.196, 319.52 W, 100 %
2025/12/19 10:49:48.196, 318.05 W, 100 %
2025/12/19 10:49:49.196, 319.33 W, 100 %
2025/12/19 10:49:50.196, 319.25 W, 100 %
2025/12/19 10:49:51.196, 317.08 W, 100 %
2025/12/19 10:49:52.197, 318.78 W, 100 %
2025/12/19 10:49:53.197, 318.52 W, 100 %
2025/12/19 10:49:54.197, 318.45 W, 100 %
2025/12/19 10:49:55.197, 319.30 W, 100 %
2025/12/19 10:49:56.197, 319.58 W, 100 %
2025/12/19 10:49:57.197, 320.06 W, 100 %
2025/12/19 10:49:58.197, 318.58 W, 100 %
2025/12/19 10:49:59.197, 318.74 W, 100 %
2025/12/19 10:50:00.197, 319.30 W, 100 %
2025/12/19 10:50:01.197, 318.20 W, 100 %
2025/12/19 10:50:02.198, 318.76 W, 100 %
2025/12/19 10:50:03.198, 320.02 W, 100 %
2025/12/19 10:50:04.198, 318.39 W, 100 %
2025/12/19 10:50:05.198, 318.21 W, 100 %
2025/12/19 10:50:06.198, 318.70 W, 100 %
2025/12/19 10:50:07.198, 317.93 W, 100 %
2025/12/19 10:50:08.198, 319.10 W, 100 %
2025/12/19 10:50:09.198, 318.19 W, 100 %
2025/12/19 10:50:10.198, 319.26 W, 100 %
2025/12/19 10:50:11.199, 317.87 W, 100 %
2025/12/19 10:50:12.199, 318.06 W, 100 %
2025/12/19 10:50:13.199, 319.91 W, 100 %
2025/12/19 10:50:14.199, 318.82 W, 100 %
2025/12/19 10:50:15.199, 317.17 W, 100 %
2025/12/19 10:50:16.199, 318.86 W, 100 %
2025/12/19 10:50:17.199, 317.86 W, 100 %
2025/12/19 10:50:18.199, 319.67 W, 100 %
2025/12/19 10:50:19.199, 318.97 W, 100 %
2025/12/19 10:50:20.200, 319.35 W, 100 %
2025/12/19 10:50:21.200, 319.90 W, 100 %
2025/12/19 10:50:22.200, 318.95 W, 100 %
2025/12/19 10:50:23.200, 319.45 W, 100 %
2025/12/19 10:50:24.200, 319.94 W, 100 %
2025/12/19 10:50:25.200, 318.38 W, 100 %
2025/12/19 10:50:26.200, 319.75 W, 100 %
2025/12/19 10:50:27.200, 320.33 W, 100 %
2025/12/19 10:50:28.200, 318.60 W, 100 %
2025/12/19 10:50:29.200, 319.86 W, 100 %
2025/12/19 10:50:30.201, 320.29 W, 100 %
2025/12/19 10:50:31.201, 319.16 W, 100 %
2025/12/19 10:50:32.201, 319.36 W, 100 %
2025/12/19 10:50:33.201, 321.01 W, 100 %
2025/12/19 10:50:34.201, 319.46 W, 100 %
2025/12/19 10:50:35.201, 319.30 W, 100 %
2025/12/19 10:50:36.201, 320.95 W, 100 %
2025/12/19 10:50:37.201, 319.40 W, 100 %
2025/12/19 10:50:38.201, 318.96 W, 100 %
2025/12/19 10:50:39.202, 320.45 W, 100 %
2025/12/19 10:50:40.202, 319.75 W, 100 %
2025/12/19 10:50:41.202, 318.33 W, 100 %
2025/12/19 10:50:42.202, 317.70 W, 100 %
2025/12/19 10:50:43.202, 319.15 W, 100 %
2025/12/19 10:50:44.202, 319.42 W, 100 %
2025/12/19 10:50:45.202, 318.63 W, 100 %
2025/12/19 10:50:46.202, 319.54 W, 100 %
2025/12/19 10:50:47.202, 319.62 W, 100 %
2025/12/19 10:50:48.202, 318.98 W, 100 %
2025/12/19 10:50:49.203, 319.83 W, 100 %
2025/12/19 10:50:50.203, 318.38 W, 100 %
2025/12/19 10:50:51.203, 319.35 W, 100 %
2025/12/19 10:50:52.203, 319.71 W, 100 %
2025/12/19 10:50:53.203, 317.79 W, 100 %
2025/12/19 10:50:54.203, 318.62 W, 100 %
2025/12/19 10:50:55.203, 319.57 W, 100 %
2025/12/19 10:50:56.203, 317.65 W, 100 %
2025/12/19 10:50:57.203, 319.07 W, 100 %
2025/12/19 10:50:58.204, 319.48 W, 100 %
2025/12/19 10:50:59.204, 317.82 W, 100 %
2025/12/19 10:51:00.204, 318.88 W, 100 %
2025/12/19 10:51:01.204, 319.53 W, 100 %
2025/12/19 10:51:02.204, 318.68 W, 100 %
2025/12/19 10:51:03.204, 318.77 W, 100 %
2025/12/19 10:51:04.204, 318.45 W, 100 %
2025/12/19 10:51:05.204, 319.68 W, 100 %
2025/12/19 10:51:06.204, 318.42 W, 100 %
2025/12/19 10:51:07.204, 319.07 W, 100 %
2025/12/19 10:51:08.205, 319.68 W, 100 %
2025/12/19 10:51:09.205, 317.75 W, 100 %
2025/12/19 10:51:10.205, 318.46 W, 100 %
2025/12/19 10:51:11.205, 319.88 W, 100 %
2025/12/19 10:51:12.205, 319.21 W, 100 %
2025/12/19 10:51:13.205, 319.12 W, 100 %
2025/12/19 10:51:14.205, 320.57 W, 100 %
2025/12/19 10:51:15.205, 318.83 W, 100 %
2025/12/19 10:51:16.205, 317.66 W, 100 %
2025/12/19 10:51:17.205, 320.61 W, 100 %
2025/12/19 10:51:18.205, 318.60 W, 100 %
2025/12/19 10:51:19.206, 317.49 W, 100 %
2025/12/19 10:51:20.206, 319.52 W, 100 %
2025/12/19 10:51:21.206, 319.73 W, 100 %
2025/12/19 10:51:22.206, 318.54 W, 100 %
2025/12/19 10:51:23.206, 319.50 W, 100 %
2025/12/19 10:51:24.206, 319.16 W, 100 %
2025/12/19 10:51:25.206, 319.43 W, 100 %
2025/12/19 10:51:26.206, 319.40 W, 100 %
2025/12/19 10:51:27.206, 318.71 W, 100 %
2025/12/19 10:51:28.207, 319.83 W, 100 %
2025/12/19 10:51:29.207, 319.67 W, 100 %
2025/12/19 10:51:30.207, 319.99 W, 100 %
2025/12/19 10:51:31.207, 319.24 W, 100 %
2025/12/19 10:51:32.207, 318.74 W, 100 %
2025/12/19 10:51:33.207, 320.28 W, 100 %
2025/12/19 10:51:34.207, 318.41 W, 100 %
2025/12/19 10:51:35.207, 318.95 W, 100 %
2025/12/19 10:51:36.207, 319.73 W, 100 %
2025/12/19 10:51:37.208, 317.03 W, 100 %
2025/12/19 10:51:38.208, 318.99 W, 100 %
2025/12/19 10:51:39.208, 319.50 W, 100 %
2025/12/19 10:51:40.208, 317.89 W, 100 %
2025/12/19 10:51:41.208, 319.52 W, 100 %
2025/12/19 10:51:42.208, 320.09 W, 100 %
2025/12/19 10:51:43.208, 318.82 W, 100 %
2025/12/19 10:51:44.208, 319.46 W, 100 %
2025/12/19 10:51:45.208, 319.16 W, 100 %
2025/12/19 10:51:46.208, 319.09 W, 100 %
2025/12/19 10:51:47.209, 319.59 W, 100 %
2025/12/19 10:51:48.209, 318.81 W, 100 %
2025/12/19 10:51:49.209, 319.85 W, 100 %
2025/12/19 10:51:50.209, 319.27 W, 100 %
2025/12/19 10:51:51.209, 319.51 W, 100 %
2025/12/19 10:51:52.209, 319.74 W, 100 %
2025/12/19 10:51:53.209, 318.85 W, 100 %
2025/12/19 10:51:54.209, 318.89 W, 100 %
2025/12/19 10:51:55.209, 320.58 W, 100 %
2025/12/19 10:51:56.209, 319.47 W, 100 %
2025/12/19 10:51:57.209, 317.79 W, 100 %
2025/12/19 10:51:58.210, 321.18 W, 100 %
2025/12/19 10:51:59.210, 318.84 W, 100 %
2025/12/19 10:52:00.210, 318.60 W, 100 %
2025/12/19 10:52:01.210, 322.14 W, 100 %
2025/12/19 10:52:02.210, 319.03 W, 100 %
2025/12/19 10:52:03.210, 319.57 W, 100 %
2025/12/19 10:52:04.210, 321.01 W, 100 %
2025/12/19 10:52:05.210, 319.66 W, 100 %
2025/12/19 10:52:06.210, 319.45 W, 100 %
2025/12/19 10:52:07.211, 319.21 W, 100 %
2025/12/19 10:52:08.211, 319.37 W, 100 %
2025/12/19 10:52:09.211, 319.09 W, 100 %
2025/12/19 10:52:10.211, 318.88 W, 100 %
2025/12/19 10:52:11.211, 318.66 W, 100 %
2025/12/19 10:52:12.211, 318.87 W, 100 %
2025/12/19 10:52:13.211, 318.69 W, 100 %
2025/12/19 10:52:14.211, 319.40 W, 100 %
2025/12/19 10:52:15.211, 319.13 W, 100 %
2025/12/19 10:52:16.211, 318.41 W, 100 %
2025/12/19 10:52:17.211, 319.66 W, 100 %
2025/12/19 10:52:18.212, 318.02 W, 100 %
2025/12/19 10:52:19.212, 319.23 W, 100 %
2025/12/19 10:52:20.212, 319.48 W, 100 %
2025/12/19 10:52:21.212, 317.14 W, 100 %
2025/12/19 10:52:22.212, 317.99 W, 100 %
2025/12/19 10:52:23.212, 318.67 W, 100 %
2025/12/19 10:52:24.212, 316.75 W, 100 %
2025/12/19 10:52:25.212, 317.79 W, 100 %
2025/12/19 10:52:26.212, 319.43 W, 100 %
2025/12/19 10:52:27.213, 319.12 W, 100 %
2025/12/19 10:52:28.213, 317.44 W, 100 %
2025/12/19 10:52:29.213, 318.09 W, 100 %
2025/12/19 10:52:30.213, 320.25 W, 100 %
2025/12/19 10:52:31.213, 319.00 W, 100 %
2025/12/19 10:52:32.213, 318.83 W, 100 %
2025/12/19 10:52:33.213, 319.79 W, 100 %
2025/12/19 10:52:34.213, 318.89 W, 100 %
2025/12/19 10:52:35.213, 317.94 W, 100 %
2025/12/19 10:52:36.214, 320.69 W, 100 %
2025/12/19 10:52:37.214, 319.15 W, 100 %
2025/12/19 10:52:38.214, 317.65 W, 100 %
2025/12/19 10:52:39.214, 320.77 W, 100 %
2025/12/19 10:52:40.214, 318.16 W, 100 %
2025/12/19 10:52:41.214, 319.13 W, 100 %
2025/12/19 10:52:42.214, 321.18 W, 100 %
2025/12/19 10:52:43.214, 318.87 W, 100 %
2025/12/19 10:52:44.214, 318.35 W, 100 %
2025/12/19 10:52:45.214, 321.39 W, 100 %
2025/12/19 10:52:46.215, 319.07 W, 100 %
2025/12/19 10:52:47.215, 319.31 W, 100 %
2025/12/19 10:52:48.215, 320.04 W, 100 %
2025/12/19 10:52:49.215, 319.36 W, 100 %
2025/12/19 10:52:50.215, 319.12 W, 100 %
2025/12/19 10:52:51.215, 318.66 W, 100 %
2025/12/19 10:52:52.215, 319.64 W, 100 %
2025/12/19 10:52:53.215, 319.04 W, 100 %
2025/12/19 10:52:54.215, 318.48 W, 100 %
2025/12/19 10:52:55.216, 319.85 W, 100 %
2025/12/19 10:52:56.216, 319.58 W, 100 %
2025/12/19 10:52:57.216, 319.56 W, 100 %
2025/12/19 10:52:58.216, 319.52 W, 100 %
2025/12/19 10:52:59.216, 319.13 W, 100 %
2025/12/19 10:53:00.216, 319.34 W, 100 %
2025/12/19 10:53:01.216, 319.08 W, 100 %
2025/12/19 10:53:02.216, 316.98 W, 100 %
2025/12/19 10:53:03.216, 319.37 W, 100 %
2025/12/19 10:53:04.217, 319.39 W, 100 %
2025/12/19 10:53:05.217, 317.75 W, 100 %
2025/12/19 10:53:06.217, 319.14 W, 100 %
2025/12/19 10:53:07.217, 319.46 W, 100 %
2025/12/19 10:53:08.217, 318.63 W, 100 %
2025/12/19 10:53:09.217, 318.52 W, 100 %
2025/12/19 10:53:10.217, 319.08 W, 100 %
2025/12/19 10:53:11.217, 319.37 W, 100 %
2025/12/19 10:53:12.217, 319.18 W, 100 %
2025/12/19 10:53:13.217, 318.75 W, 100 %
2025/12/19 10:53:14.218, 320.36 W, 100 %
2025/12/19 10:53:15.218, 318.77 W, 100 %
2025/12/19 10:53:16.218, 318.80 W, 100 %
2025/12/19 10:53:17.218, 319.87 W, 100 %
2025/12/19 10:53:18.218, 318.85 W, 100 %
2025/12/19 10:53:19.218, 317.54 W, 100 %
2025/12/19 10:53:20.218, 320.10 W, 100 %
2025/12/19 10:53:21.218, 319.27 W, 100 %
2025/12/19 10:53:22.218, 319.14 W, 100 %
2025/12/19 10:53:23.218, 321.67 W, 100 %
2025/12/19 10:53:24.218, 317.43 W, 100 %
2025/12/19 10:53:25.218, 319.87 W, 100 %
2025/12/19 10:53:26.218, 320.40 W, 100 %
2025/12/19 10:53:27.219, 318.77 W, 100 %
2025/12/19 10:53:28.219, 319.32 W, 100 %
2025/12/19 10:53:29.219, 319.10 W, 100 %
2025/12/19 10:53:30.219, 318.69 W, 100 %
2025/12/19 10:53:31.219, 319.29 W, 100 %
2025/12/19 10:53:32.219, 319.11 W, 100 %
2025/12/19 10:53:33.219, 319.97 W, 100 %
2025/12/19 10:53:34.219, 319.44 W, 100 %
2025/12/19 10:53:35.219, 318.61 W, 100 %
2025/12/19 10:53:36.220, 319.51 W, 100 %
2025/12/19 10:53:37.220, 319.19 W, 100 %
2025/12/19 10:53:38.220, 319.04 W, 100 %
2025/12/19 10:53:39.220, 319.53 W, 100 %
2025/12/19 10:53:40.220, 318.47 W, 100 %
2025/12/19 10:53:41.220, 319.64 W, 100 %
2025/12/19 10:53:42.220, 320.47 W, 100 %
2025/12/19 10:53:43.220, 317.01 W, 100 %
2025/12/19 10:53:44.220, 319.44 W, 100 %
2025/12/19 10:53:45.220, 319.98 W, 100 %
2025/12/19 10:53:46.221, 318.79 W, 100 %
2025/12/19 10:53:47.221, 318.70 W, 100 %
2025/12/19 10:53:48.221, 319.51 W, 100 %
2025/12/19 10:53:49.221, 319.79 W, 100 %
2025/12/19 10:53:50.221, 319.18 W, 100 %
2025/12/19 10:53:51.221, 318.56 W, 100 %
2025/12/19 10:53:52.221, 320.25 W, 100 %
2025/12/19 10:53:53.221, 319.12 W, 100 %
2025/12/19 10:53:54.221, 318.32 W, 100 %
2025/12/19 10:53:55.222, 319.76 W, 100 %
2025/12/19 10:53:56.222, 319.52 W, 100 %
2025/12/19 10:53:57.222, 318.81 W, 100 %
2025/12/19 10:53:58.222, 320.28 W, 100 %
2025/12/19 10:53:59.222, 318.97 W, 100 %
2025/12/19 10:54:00.222, 318.97 W, 100 %
2025/12/19 10:54:01.222, 320.88 W, 100 %
2025/12/19 10:54:02.222, 319.15 W, 100 %
2025/12/19 10:54:03.223, 316.52 W, 100 %
2025/12/19 10:54:04.223, 319.61 W, 100 %
2025/12/19 10:54:05.223, 319.64 W, 100 %
2025/12/19 10:54:06.223, 318.79 W, 100 %
2025/12/19 10:54:07.223, 319.37 W, 100 %
2025/12/19 10:54:08.223, 319.23 W, 100 %
2025/12/19 10:54:09.223, 319.05 W, 100 %
2025/12/19 10:54:10.223, 318.57 W, 100 %
2025/12/19 10:54:11.223, 318.26 W, 100 %
2025/12/19 10:54:12.224, 319.66 W, 100 %
2025/12/19 10:54:13.224, 319.31 W, 100 %
2025/12/19 10:54:14.224, 320.04 W, 100 %
2025/12/19 10:54:15.224, 318.52 W, 100 %
2025/12/19 10:54:16.224, 319.17 W, 100 %
2025/12/19 10:54:17.224, 319.49 W, 100 %
2025/12/19 10:54:18.224, 318.28 W, 100 %
2025/12/19 10:54:19.224, 318.31 W, 100 %
2025/12/19 10:54:20.224, 319.25 W, 100 %
2025/12/19 10:54:21.224, 318.00 W, 100 %
2025/12/19 10:54:22.224, 319.15 W, 100 %
2025/12/19 10:54:23.225, 319.83 W, 100 %
2025/12/19 10:54:24.225, 319.13 W, 100 %
2025/12/19 10:54:25.225, 318.75 W, 100 %
2025/12/19 10:54:26.225, 319.25 W, 100 %
2025/12/19 10:54:27.225, 319.62 W, 100 %
2025/12/19 10:54:28.225, 319.11 W, 100 %
2025/12/19 10:54:29.225, 318.96 W, 100 %
2025/12/19 10:54:30.225, 320.02 W, 100 %
2025/12/19 10:54:31.225, 319.62 W, 100 %
2025/12/19 10:54:32.226, 318.60 W, 100 %
2025/12/19 10:54:33.226, 320.08 W, 100 %
2025/12/19 10:54:34.226, 319.35 W, 100 %
2025/12/19 10:54:35.226, 318.55 W, 100 %
2025/12/19 10:54:36.226, 321.21 W, 100 %
2025/12/19 10:54:37.226, 320.24 W, 100 %
2025/12/19 10:54:38.226, 319.03 W, 100 %
2025/12/19 10:54:39.226, 321.71 W, 100 %
2025/12/19 10:54:40.226, 318.18 W, 100 %
2025/12/19 10:54:41.227, 319.49 W, 100 %
2025/12/19 10:54:42.227, 320.79 W, 100 %
2025/12/19 10:54:43.227, 320.06 W, 100 %
2025/12/19 10:54:44.227, 317.01 W, 100 %
2025/12/19 10:54:45.227, 317.06 W, 100 %
2025/12/19 10:54:46.227, 319.14 W, 100 %
2025/12/19 10:54:47.227, 319.53 W, 100 %
2025/12/19 10:54:48.227, 319.52 W, 100 %
2025/12/19 10:54:49.227, 319.90 W, 100 %
2025/12/19 10:54:50.227, 318.65 W, 100 %
2025/12/19 10:54:51.228, 318.30 W, 100 %
2025/12/19 10:54:52.228, 319.24 W, 100 %
2025/12/19 10:54:53.228, 317.32 W, 100 %
2025/12/19 10:54:54.229, 320.91 W, 100 %
2025/12/19 10:54:55.229, 319.25 W, 100 %
2025/12/19 10:54:56.229, 319.00 W, 100 %
2025/12/19 10:54:57.229, 319.79 W, 100 %
2025/12/19 10:54:58.229, 319.15 W, 100 %
2025/12/19 10:54:59.229, 318.41 W, 100 %
2025/12/19 10:55:00.229, 318.48 W, 100 %
2025/12/19 10:55:01.229, 319.29 W, 100 %
2025/12/19 10:55:02.230, 318.95 W, 100 %
2025/12/19 10:55:03.230, 319.15 W, 100 %
2025/12/19 10:55:04.230, 319.42 W, 100 %
2025/12/19 10:55:05.230, 319.04 W, 100 %
2025/12/19 10:55:06.230, 318.46 W, 100 %
2025/12/19 10:55:07.230, 318.95 W, 100 %
2025/12/19 10:55:08.230, 318.73 W, 100 %
2025/12/19 10:55:09.230, 319.39 W, 100 %
2025/12/19 10:55:10.230, 319.61 W, 100 %
2025/12/19 10:55:11.231, 318.34 W, 100 %
2025/12/19 10:55:12.231, 318.89 W, 100 %
2025/12/19 10:55:13.231, 319.86 W, 100 %
2025/12/19 10:55:14.231, 317.55 W, 100 %
2025/12/19 10:55:15.231, 318.20 W, 100 %
2025/12/19 10:55:16.231, 318.89 W, 100 %
2025/12/19 10:55:17.231, 318.53 W, 100 %
2025/12/19 10:55:18.231, 318.38 W, 100 %
2025/12/19 10:55:19.231, 318.49 W, 100 %
2025/12/19 10:55:20.232, 319.61 W, 100 %
2025/12/19 10:55:21.232, 319.00 W, 100 %
2025/12/19 10:55:22.232, 318.06 W, 100 %
2025/12/19 10:55:23.232, 320.21 W, 100 %
2025/12/19 10:55:24.232, 318.63 W, 100 %
2025/12/19 10:55:25.232, 317.15 W, 100 %
2025/12/19 10:55:26.232, 321.15 W, 100 %
2025/12/19 10:55:27.232, 319.16 W, 100 %
2025/12/19 10:55:28.232, 319.11 W, 100 %
2025/12/19 10:55:29.233, 321.12 W, 100 %
2025/12/19 10:55:30.233, 319.01 W, 100 %
2025/12/19 10:55:31.233, 318.40 W, 100 %
2025/12/19 10:55:32.233, 320.47 W, 100 %
2025/12/19 10:55:33.233, 319.48 W, 100 %
2025/12/19 10:55:34.233, 319.46 W, 100 %
2025/12/19 10:55:35.233, 320.09 W, 100 %
2025/12/19 10:55:36.233, 319.20 W, 100 %
2025/12/19 10:55:37.233, 319.46 W, 100 %
2025/12/19 10:55:38.234, 319.14 W, 100 %
2025/12/19 10:55:39.234, 319.88 W, 100 %
2025/12/19 10:55:40.234, 317.39 W, 100 %
2025/12/19 10:55:41.234, 318.97 W, 100 %
2025/12/19 10:55:42.234, 319.76 W, 100 %
2025/12/19 10:55:43.234, 319.26 W, 100 %
2025/12/19 10:55:44.234, 319.06 W, 100 %
2025/12/19 10:55:45.234, 319.26 W, 100 %
2025/12/19 10:55:46.234, 319.08 W, 100 %
2025/12/19 10:55:47.235, 319.39 W, 100 %
2025/12/19 10:55:48.235, 318.29 W, 100 %
2025/12/19 10:55:49.235, 318.30 W, 100 %
2025/12/19 10:55:50.235, 319.16 W, 100 %
2025/12/19 10:55:51.235, 319.57 W, 100 %
2025/12/19 10:55:52.235, 317.35 W, 100 %
2025/12/19 10:55:53.235, 318.88 W, 100 %
2025/12/19 10:55:54.235, 318.43 W, 100 %
2025/12/19 10:55:55.235, 318.70 W, 100 %
2025/12/19 10:55:56.235, 319.25 W, 100 %
2025/12/19 10:55:57.236, 319.04 W, 100 %
2025/12/19 10:55:58.236, 319.78 W, 100 %
2025/12/19 10:55:59.236, 318.33 W, 100 %
2025/12/19 10:56:00.236, 318.23 W, 100 %
2025/12/19 10:56:01.236, 319.60 W, 100 %
2025/12/19 10:56:02.236, 318.42 W, 100 %
2025/12/19 10:56:03.236, 318.80 W, 100 %
2025/12/19 10:56:04.236, 320.38 W, 100 %
2025/12/19 10:56:05.236, 318.88 W, 100 %
2025/12/19 10:56:06.237, 318.52 W, 100 %
2025/12/19 10:56:07.237, 319.34 W, 100 %
2025/12/19 10:56:08.237, 318.09 W, 100 %
2025/12/19 10:56:09.237, 319.02 W, 100 %
2025/12/19 10:56:10.237, 320.87 W, 100 %
2025/12/19 10:56:11.237, 318.96 W, 100 %
2025/12/19 10:56:12.237, 316.97 W, 100 %
2025/12/19 10:56:13.237, 320.54 W, 100 %
2025/12/19 10:56:14.237, 319.65 W, 100 %
2025/12/19 10:56:15.238, 317.82 W, 100 %
2025/12/19 10:56:16.238, 320.51 W, 100 %
2025/12/19 10:56:17.238, 319.42 W, 100 %
2025/12/19 10:56:18.238, 317.17 W, 100 %
2025/12/19 10:56:19.238, 319.11 W, 100 %
2025/12/19 10:56:20.238, 317.59 W, 100 %
2025/12/19 10:56:21.238, 319.45 W, 100 %
2025/12/19 10:56:22.238, 319.49 W, 100 %
2025/12/19 10:56:23.238, 318.72 W, 100 %
2025/12/19 10:56:24.239, 319.98 W, 100 %
2025/12/19 10:56:25.239, 318.89 W, 100 %
2025/12/19 10:56:26.239, 319.60 W, 100 %
2025/12/19 10:56:27.239, 318.38 W, 100 %
2025/12/19 10:56:28.239, 319.01 W, 100 %
2025/12/19 10:56:29.239, 319.55 W, 100 %
2025/12/19 10:56:30.239, 318.25 W, 100 %
2025/12/19 10:56:31.239, 317.31 W, 100 %
2025/12/19 10:56:32.239, 319.43 W, 100 %
2025/12/19 10:56:33.240, 317.09 W, 100 %
2025/12/19 10:56:34.240, 319.34 W, 100 %
2025/12/19 10:56:35.240, 319.69 W, 100 %
2025/12/19 10:56:36.240, 320.08 W, 100 %
2025/12/19 10:56:37.240, 319.29 W, 100 %
2025/12/19 10:56:38.240, 319.10 W, 100 %
2025/12/19 10:56:39.240, 319.61 W, 100 %
2025/12/19 10:56:40.240, 319.41 W, 100 %
2025/12/19 10:56:41.240, 317.94 W, 100 %
2025/12/19 10:56:42.240, 320.19 W, 100 %
2025/12/19 10:56:43.241, 318.49 W, 100 %
2025/12/19 10:56:44.241, 319.33 W, 100 %
2025/12/19 10:56:45.241, 320.54 W, 100 %
2025/12/19 10:56:46.241, 318.58 W, 100 %
2025/12/19 10:56:47.241, 319.08 W, 100 %
2025/12/19 10:56:48.241, 320.33 W, 100 %
2025/12/19 10:56:49.241, 319.01 W, 100 %
2025/12/19 10:56:50.241, 319.09 W, 100 %
2025/12/19 10:56:51.241, 321.66 W, 100 %
2025/12/19 10:56:52.242, 319.76 W, 100 %
2025/12/19 10:56:53.242, 317.12 W, 100 %
2025/12/19 10:56:54.242, 318.53 W, 100 %
2025/12/19 10:56:55.242, 319.09 W, 100 %
2025/12/19 10:56:56.242, 319.02 W, 100 %
2025/12/19 10:56:57.242, 318.77 W, 100 %
2025/12/19 10:56:58.242, 319.59 W, 100 %
2025/12/19 10:56:59.242, 318.93 W, 100 %
2025/12/19 10:57:00.242, 318.62 W, 100 %
2025/12/19 10:57:01.243, 317.82 W, 100 %
2025/12/19 10:57:02.243, 319.61 W, 100 %
2025/12/19 10:57:03.243, 319.02 W, 100 %
2025/12/19 10:57:04.243, 319.34 W, 100 %
2025/12/19 10:57:05.243, 318.72 W, 100 %
2025/12/19 10:57:06.243, 318.86 W, 100 %
2025/12/19 10:57:07.243, 319.65 W, 100 %
2025/12/19 10:57:08.243, 317.61 W, 100 %
2025/12/19 10:57:09.243, 318.89 W, 100 %
2025/12/19 10:57:10.244, 319.82 W, 100 %
2025/12/19 10:57:11.244, 317.92 W, 100 %
2025/12/19 10:57:12.244, 319.08 W, 100 %
2025/12/19 10:57:13.244, 319.53 W, 100 %
2025/12/19 10:57:14.244, 319.22 W, 100 %
2025/12/19 10:57:15.244, 319.04 W, 100 %
2025/12/19 10:57:16.244, 319.40 W, 100 %
2025/12/19 10:57:17.244, 319.82 W, 100 %
2025/12/19 10:57:18.244, 318.95 W, 100 %
2025/12/19 10:57:19.245, 319.28 W, 100 %
2025/12/19 10:57:20.245, 319.86 W, 100 %
2025/12/19 10:57:21.245, 319.21 W, 100 %
2025/12/19 10:57:22.245, 317.89 W, 100 %
2025/12/19 10:57:23.245, 320.22 W, 100 %
2025/12/19 10:57:24.245, 319.16 W, 100 %
2025/12/19 10:57:25.245, 319.23 W, 100 %
2025/12/19 10:57:26.245, 321.42 W, 100 %
2025/12/19 10:57:27.245, 319.70 W, 100 %
2025/12/19 10:57:28.245, 318.73 W, 100 %
2025/12/19 10:57:29.245, 321.40 W, 100 %
2025/12/19 10:57:30.245, 319.61 W, 100 %
2025/12/19 10:57:31.245, 318.52 W, 100 %
2025/12/19 10:57:32.246, 318.86 W, 100 %
2025/12/19 10:57:33.246, 319.75 W, 100 %
2025/12/19 10:57:34.246, 316.74 W, 100 %
2025/12/19 10:57:35.246, 317.39 W, 100 %
2025/12/19 10:57:36.246, 318.86 W, 100 %
2025/12/19 10:57:37.246, 320.08 W, 100 %
2025/12/19 10:57:38.246, 319.04 W, 100 %
2025/12/19 10:57:39.246, 318.61 W, 100 %
2025/12/19 10:57:40.246, 318.62 W, 100 %
2025/12/19 10:57:41.246, 319.20 W, 100 %
2025/12/19 10:57:42.247, 319.37 W, 100 %
2025/12/19 10:57:43.247, 318.17 W, 100 %
2025/12/19 10:57:44.247, 318.50 W, 100 %
2025/12/19 10:57:45.247, 319.73 W, 100 %
2025/12/19 10:57:46.247, 317.97 W, 100 %
2025/12/19 10:57:47.247, 317.62 W, 100 %
2025/12/19 10:57:48.247, 319.27 W, 100 %
2025/12/19 10:57:49.247, 318.85 W, 100 %
2025/12/19 10:57:50.247, 318.58 W, 100 %
2025/12/19 10:57:51.247, 319.11 W, 100 %
2025/12/19 10:57:52.247, 319.55 W, 100 %
2025/12/19 10:57:53.247, 319.75 W, 100 %
2025/12/19 10:57:54.248, 318.78 W, 100 %
2025/12/19 10:57:55.248, 320.57 W, 100 %
2025/12/19 10:57:56.248, 319.31 W, 100 %
2025/12/19 10:57:57.248, 318.86 W, 100 %
2025/12/19 10:57:58.248, 319.75 W, 100 %
2025/12/19 10:57:59.248, 319.42 W, 100 %
2025/12/19 10:58:00.248, 318.74 W, 100 %
2025/12/19 10:58:01.248, 319.97 W, 100 %
2025/12/19 10:58:02.248, 319.16 W, 100 %
2025/12/19 10:58:03.249, 318.44 W, 100 %
2025/12/19 10:58:04.249, 320.73 W, 100 %
2025/12/19 10:58:05.249, 319.13 W, 100 %
2025/12/19 10:58:06.249, 318.61 W, 100 %
2025/12/19 10:58:07.249, 321.81 W, 100 %
2025/12/19 10:58:08.249, 319.60 W, 100 %
2025/12/19 10:58:09.249, 318.83 W, 100 %
2025/12/19 10:58:10.249, 318.87 W, 100 %
2025/12/19 10:58:11.249, 319.24 W, 100 %
2025/12/19 10:58:12.249, 319.24 W, 100 %
2025/12/19 10:58:13.249, 319.03 W, 100 %
2025/12/19 10:58:14.249, 319.20 W, 100 %
2025/12/19 10:58:15.250, 163.97 W, 0 %
2025/12/19 10:58:16.250, 56.53 W, 0 %
2025/12/19 10:58:17.250, 45.50 W, 0 %
2025/12/19 10:58:18.250, 24.64 W, 0 %
2025/12/19 10:58:19.250, 24.53 W, 0 %
2025/12/19 10:58:20.250, 24.15 W, 0 %
